sample_id,timestamp,pH,TDS,Turbidity,Temperature,Conductivity,contamination_risk
WQ-00001,2026-09-01 00:45:00,5.414841967689174,2312.1237775420273,75.38813834229637,37.23403887115173,2500.0,HIGH
WQ-00002,2026-09-01 01:45:00,6.2543687411073225,1225.6218248170615,38.765947982456964,28.840050182472595,1767.8562872375758,HIGH
WQ-00003,2026-09-01 02:00:00,8.857424092075892,1775.3709215593844,60.7816660673909,24.064825370215928,2500.0,HIGH
WQ-00004,2026-09-01 02:30:00,8.25130646081036,814.686649779156,10.096565118316299,32.29876805409118,1324.9078533257702,MEDIUM
WQ-00005,2026-09-01 02:30:00,7.214712762041908,150.51203319603877,2.739667592701477,18.756613804231836,239.95071736930345,LOW
WQ-00006,2026-09-01 02:45:00,6.036416709693201,1649.784995685631,63.71893988490224,39.60525074206255,2318.4872923810985,HIGH
WQ-00007,2026-09-01 03:15:00,5.250796002811706,931.7487195909432,60.96557563301189,31.200031849309532,1441.7751447108658,HIGH
WQ-00008,2026-09-01 03:30:00,4.5,1259.394186627485,62.2689943511342,14.098658716210943,1997.2074364464768,HIGH
WQ-00009,2026-09-01 05:00:00,7.347403916116164,219.66998458982695,2.599589387172284,22.808228667388562,361.2950235442399,LOW
WQ-00011,2026-09-01 06:15:00,7.361817260752096,198.07724273362902,1.53079575450558,23.170416444360818,283.66631165214807,LOW
WQ-00012,2026-09-01 06:45:00,4.799794150956523,423.08513734240614,3.2454185929670842,34.29003486596144,682.1507755922352,MEDIUM
WQ-00013,2026-09-01 06:45:00,6.328519156267307,1010.977822485743,25.39641766713351,22.74987916143852,1695.4176503578549,MEDIUM
WQ-00014,2026-09-01 07:00:00,6.548627095302831,1084.371695820508,49.09316256034815,22.164105763274357,1850.0545804294156,HIGH
WQ-00015,2026-09-01 09:15:00,7.174657198337953,909.3788253763043,27.57575842824816,26.642772984761972,1549.7937616557442,HIGH
WQ-00016,2026-09-01 09:45:00,7.587862381433907,222.19657692420887,0.7287019373778165,24.110479835514703,414.6431387068698,LOW
WQ-00017,2026-09-01 10:00:00,5.909633261882222,839.785120920091,28.4501668931506,25.25807824468839,1460.553061536707,HIGH
WQ-00018,2026-09-01 11:45:00,7.784608578561003,301.13065236062334,4.459999604082855,28.295519013247674,424.18430706667715,LOW
WQ-00019,2026-09-01 11:45:00,5.59978830339815,767.5113462259712,46.72590287711405,24.898755749165655,1263.1768227067814,HIGH
WQ-00020,2026-09-01 12:00:00,7.37464343595548,786.2568705100407,21.383346807934593,28.56582803666175,1187.2244895061597,MEDIUM
WQ-00021,2026-09-01 12:15:00,6.389361323381808,1609.934406984605,51.798051833885424,30.40781982698175,2500.0,HIGH
WQ-00022,2026-09-01 12:45:00,6.780625625414924,174.73237021900687,4.435570727181371,18.551494167523707,267.1345715138429,LOW
WQ-00023,2026-09-01 13:00:00,6.0838022954188125,738.6534504774107,22.4797492426024,22.085818897988926,1210.274703653634,MEDIUM
WQ-00024,2026-09-01 13:00:00,6.765363742063768,1604.0510304375596,49.470552534665906,30.07146609749179,2500.0,HIGH
WQ-00025,2026-09-01 14:00:00,7.0129653804746,1776.7759595677849,27.40753670945183,41.88719999212178,2500.0,HIGH
WQ-00026,2026-09-01 14:00:00,7.336555446150012,225.95043131212944,1.5982948070705056,26.02744434164584,382.80431298533387,LOW
WQ-00027,2026-09-01 14:45:00,8.04883416795079,468.61396833670284,21.504096921180608,18.371825874276837,951.3700432199723,MEDIUM
WQ-00028,2026-09-01 15:00:00,7.853379846943952,293.53727720289345,3.682055565774915,13.113291772082318,434.65440247523725,MEDIUM
WQ-00029,2026-09-01 15:15:00,7.2845056476201115,80.61009067222807,4.1810896607576105,26.56568757551533,127.02883296727614,LOW
WQ-00031,2026-09-01 16:30:00,8.35034511389114,704.7579585567248,18.234052769765146,32.70632984755185,1253.953287011419,MEDIUM
WQ-00032,2026-09-01 17:00:00,8.360484600783028,909.2610714085532,99.8402550660474,24.715692475731352,1709.7526413610806,HIGH
WQ-00033,2026-09-01 17:15:00,6.847400053629876,190.2280984628279,1.729690070537528,25.225743742504843,300.3126290543321,LOW
WQ-00034,2026-09-01 17:15:00,6.983060099979283,213.50321992154662,1.571750494204289,26.96160712059752,297.8533712326857,LOW
WQ-00035,2026-09-01 18:30:00,8.013689090050388,758.2741849149813,4.250569554212731,24.762681808967592,1199.4403558791646,MEDIUM
WQ-00036,2026-09-01 18:45:00,6.923773527123064,282.98329503936355,3.735700726169218,22.50870050419127,526.9370934486817,LOW
WQ-00037,2026-09-01 20:00:00,6.804856490018745,189.85375593870498,3.2650701516084237,24.088419908844365,299.6869093051029,LOW
WQ-00038,2026-09-01 20:00:00,6.535354401975715,1115.6419917678008,46.17805536116446,29.713381732801643,1808.7597872102485,HIGH
WQ-00039,2026-09-01 21:00:00,7.589102019263564,255.30558490791316,0.6715243125600616,23.94983098420831,380.00802305968654,LOW
WQ-00040,2026-09-01 22:00:00,6.823202470041678,746.5374145488122,36.581708074791095,31.86998168879743,1137.3139487095164,HIGH
WQ-00041,2026-09-01 22:00:00,6.4120772846958065,709.4932255568971,22.701355183661274,24.69032405366485,1576.6516123486601,MEDIUM
WQ-00042,2026-09-01 22:15:00,5.725787538275491,723.9514063619733,62.734204769603,22.029628767221343,1109.1394025639172,HIGH
WQ-00043,2026-09-01 22:45:00,6.365747201690469,963.9612991307009,5.52222858895529,36.8848768405659,1722.0014143141457,MEDIUM
WQ-00044,2026-09-01 22:45:00,7.004220667103477,198.08712074737778,3.8148900049318275,21.883781922101438,370.4666178145705,LOW
WQ-00045,2026-09-02 00:00:00,8.681632877276062,448.56569933586457,62.30336852930027,26.589347497693517,736.9342746676309,HIGH
WQ-00046,2026-09-02 00:45:00,6.697511071185556,1146.428348347628,44.14397923470322,29.605180073566896,1778.3504964537542,HIGH
WQ-00047,2026-09-02 01:15:00,7.799041574482133,148.9069373670543,2.9096239564272337,24.235133883788933,285.5052175445539,LOW
WQ-00048,2026-09-02 01:45:00,7.179915139346485,371.8109832953594,1.357955168853526,22.64660725129101,561.4151466829918,LOW
WQ-00049,2026-09-02 01:45:00,6.760532492110464,525.3887053834719,16.205599144183005,26.912830515254957,789.1085075179125,MEDIUM
WQ-00050,2026-09-02 01:45:00,7.07890070838334,100.27842802393516,1.6902109250120643,23.860832190001393,161.00744673953568,LOW
WQ-00051,2026-09-02 02:15:00,6.20673124928636,329.897267879513,0.2,24.611867644572825,580.8637672659194,MEDIUM
WQ-00052,2026-09-02 02:15:00,6.7798958254184605,352.1086841717567,3.147934343623704,15.748793893544393,627.3793131387863,LOW
WQ-00053,2026-09-02 02:30:00,4.589381320019606,1066.9064832842562,71.21505951201647,41.285257842047095,1565.3982888531411,HIGH
WQ-00054,2026-09-02 03:30:00,5.212662166536295,760.9411189820396,14.986558502361584,26.263558432327212,1437.5643755477488,MEDIUM
WQ-00055,2026-09-02 03:30:00,6.003480769276424,1035.5717872417288,25.482030159448186,29.903113097234925,1514.2855675596832,MEDIUM
WQ-00056,2026-09-02 03:30:00,7.724955679381631,465.7020771607821,39.1581095581568,21.731391950795853,763.335844417247,HIGH
WQ-00057,2026-09-02 04:00:00,6.8666728742217344,490.53738940877764,25.282739620810304,24.64499869375375,798.5957595333628,MEDIUM
WQ-00058,2026-09-02 04:45:00,7.867922821740881,838.2386518128434,15.724227587889708,23.638420668397927,1619.738706531163,MEDIUM
WQ-00059,2026-09-02 05:00:00,7.5849421596053945,369.49015095162133,1.2282323283036005,29.14403317577991,604.5352801573107,LOW
WQ-00060,2026-09-02 05:00:00,7.752151471571822,190.78429206499345,3.3572823746261173,21.94965237607441,290.46878348546136,LOW
WQ-00061,2026-09-02 06:45:00,6.224327253521569,922.206094181734,21.361294148755075,30.790399934700456,1708.3730904801378,HIGH
WQ-00062,2026-09-02 07:00:00,7.2929632156445034,1149.4336399640827,42.22108950853476,23.747897736634023,1768.5821458668636,HIGH
WQ-00063,2026-09-02 07:15:00,7.44653567555576,1363.5146413211921,22.463099647941398,24.73690530173028,2180.434704673253,MEDIUM
WQ-00064,2026-09-02 07:30:00,5.823352707766308,1130.7975802036412,24.626283112289173,28.526699008795884,1945.0410412413594,HIGH
WQ-00065,2026-09-02 07:30:00,7.319655277962125,896.2959207786463,34.26940876435939,33.4192256341465,1335.2035014782298,MEDIUM
WQ-00066,2026-09-02 08:15:00,7.324640818931125,1300.8521486954253,28.308001641460198,17.550736704849406,2500.0,MEDIUM
WQ-00067,2026-09-02 08:30:00,6.487835534152438,565.1161594578857,29.268728636964234,20.421682223627837,881.8904717960545,MEDIUM
WQ-00068,2026-09-02 08:45:00,6.894754205478053,322.482296349844,3.5096607467547107,17.184431920085643,449.66192920311136,LOW
WQ-00069,2026-09-02 08:45:00,6.867142250645777,138.35160208748675,1.481924076769626,20.193742580834925,195.85542225143507,LOW
WQ-00070,2026-09-02 09:15:00,6.964879156441096,922.5439207626945,20.727466910147125,22.941999744039464,1433.8833527740585,HIGH
WQ-00071,2026-09-02 09:30:00,7.547154440955192,208.1642857339753,2.0114051853634276,18.34931561068364,345.8457858712393,LOW
WQ-00072,2026-09-02 10:15:00,6.305605627156565,689.2374478457295,9.092534630843817,23.329261266926654,1184.558323333968,MEDIUM
WQ-00073,2026-09-02 10:45:00,6.426585341326099,976.4212674898555,39.20101669651864,17.91171311439951,1622.4353524548937,HIGH
WQ-00074,2026-09-02 11:00:00,7.6567416662623184,254.8772927828379,3.670017403664507,20.437039466813115,390.5396687651624,LOW
WQ-00075,2026-09-02 11:15:00,7.678185821599386,319.5985395346414,2.461071914173232,28.2014713996857,559.1635801858965,LOW
WQ-00076,2026-09-02 12:30:00,8.09834605405512,218.3237417130347,0.7193325393705134,25.41255824598386,328.0866201363539,LOW
WQ-00077,2026-09-02 12:45:00,7.97464137448912,236.31018428598946,0.4885766471685715,24.656136852603847,315.9270857066898,LOW
WQ-00078,2026-09-02 13:30:00,6.149031425432592,1025.6582945840303,38.647760587482715,21.986107218604428,1664.2542918764325,HIGH
WQ-00079,2026-09-02 13:45:00,8.162689657153518,686.2438699371488,21.0968098974487,19.319575204776378,1272.3858099652796,MEDIUM
WQ-00080,2026-09-02 14:15:00,5.869023495444286,1631.0831531969106,30.75697547456442,23.165063546794315,2500.0,HIGH
WQ-00081,2026-09-02 14:45:00,7.683654609340821,1080.2554813531442,19.26008235102997,26.783950865519927,1620.560025689165,HIGH
WQ-00082,2026-09-02 15:00:00,6.950989969538317,1472.7977857250903,7.22692245682668,31.340883898633344,2389.294935959804,MEDIUM
WQ-00083,2026-09-02 15:15:00,5.987850621543033,1207.0804075873586,76.30809328925564,35.41420450281192,1794.621950351579,HIGH
WQ-00084,2026-09-02 15:45:00,6.586536413101281,188.77263784986852,1.7676417686553676,26.207143268691667,321.05175922310843,LOW
WQ-00085,2026-09-02 16:15:00,7.322795970402644,299.2069284416371,3.7041416805122642,21.418550975762194,446.68590123611455,LOW
WQ-00086,2026-09-02 16:45:00,6.698277544112476,303.71937520209246,2.256816885892047,24.08592441341396,497.49116387825916,LOW
WQ-00087,2026-09-02 17:30:00,7.6254744268820795,782.2808262571234,36.295319745684395,25.39328734981377,1358.0091254008146,HIGH
WQ-00088,2026-09-02 18:30:00,8.037594492854437,811.3042110753893,24.566944990430855,25.99405118252625,1361.3855200510202,MEDIUM
WQ-00089,2026-09-02 18:30:00,7.04139005481649,278.70177543962365,3.138555929155984,31.129947639359344,508.41591001010937,LOW
WQ-00090,2026-09-02 18:45:00,7.126478056889454,717.9314670383744,29.19093046088337,18.189998814981937,971.01539051503,MEDIUM
WQ-00091,2026-09-02 19:00:00,7.073573815096411,193.05194107864867,2.885620172877168,23.17863114427209,314.3057134827164,LOW
WQ-00092,2026-09-02 21:00:00,6.428636452397408,919.7104088210556,25.479344771827105,33.058744535980786,1396.3126125203469,MEDIUM
WQ-00093,2026-09-02 21:00:00,7.480871027899029,1119.1065106608967,19.671492838844152,19.670542524832307,1903.9292948981508,MEDIUM
WQ-00094,2026-09-02 21:45:00,7.382657782170464,175.58612454384132,4.3069781607301465,21.746884011568124,315.30088901775173,LOW
WQ-00095,2026-09-02 22:45:00,8.182841618868956,64.18539841723953,1.2023693163945093,22.148365258513262,105.92223748132535,LOW
WQ-00096,2026-09-03 02:15:00,6.538325640972809,478.3485571459936,22.043076423431597,25.883551389730076,697.2283805524629,MEDIUM
WQ-00097,2026-09-03 02:15:00,7.849701349613521,116.65282399644799,2.2163744627283553,18.41414994137824,198.1343810777762,LOW
WQ-00098,2026-09-03 02:45:00,7.443836035831002,111.81490536200565,2.642684828677874,26.083501211183137,196.9376387622379,LOW
WQ-00099,2026-09-03 03:00:00,7.758100104384905,216.0850317242082,1.727580089516049,26.332005488796003,343.35844206389424,LOW
WQ-00100,2026-09-03 04:30:00,5.952842342670054,898.2255416329101,51.924418722970934,33.050251950107686,1382.010135655061,HIGH
WQ-00101,2026-09-03 04:45:00,6.350441162448417,1082.9531152679424,41.28546312553475,24.777757954253513,1507.0929398075468,HIGH
WQ-00102,2026-09-03 05:15:00,6.813375840525799,729.701105303949,6.180474825621008,27.432553953936477,1137.9797616144972,MEDIUM
WQ-00103,2026-09-03 06:00:00,7.023774298319396,190.35429252368058,2.2105075148825315,20.851959161508194,289.0113255844227,LOW
WQ-00104,2026-09-03 06:15:00,7.062081534581753,1852.5516459787864,20.787562673336662,28.004420035370924,2500.0,MEDIUM
WQ-00105,2026-09-03 07:30:00,7.050249005578364,1601.5400839835963,6.8435132261241804,42.920807563025264,2500.0,MEDIUM
WQ-00106,2026-09-03 07:45:00,7.345166021179176,903.5484713607209,23.36873320689385,27.47847688798128,1607.1653318798772,MEDIUM
WQ-00107,2026-09-03 08:30:00,8.052724240438234,798.5742182722156,26.878833420195665,21.06236712006413,1438.9600406613438,MEDIUM
WQ-00108,2026-09-03 09:00:00,8.052205160556337,191.0090609039281,2.779367846315034,24.6311736923237,353.6738148093204,LOW
WQ-00109,2026-09-03 09:00:00,7.2312748895678896,259.49718229567543,2.823887777721664,19.268714258778417,388.6273163089292,LOW
WQ-00110,2026-09-03 10:45:00,6.773052318434178,1571.9842478738703,2.4830415393065692,22.805937644909932,2466.2328767044087,MEDIUM
WQ-00111,2026-09-03 11:45:00,6.432299483056341,700.3241486578679,8.389830720925305,21.794384320256047,1120.9315643167429,MEDIUM
WQ-00112,2026-09-03 12:00:00,7.41050989225155,233.28326800528083,4.370873580495038,22.44491691731511,502.2925896225789,LOW
WQ-00113,2026-09-03 12:15:00,7.130112747896511,47.15423882032758,1.0480703639152604,27.279391484562204,63.43659868558917,LOW
WQ-00114,2026-09-03 14:15:00,8.115052731852039,946.5770325175314,28.10841031136689,29.891990990084196,1671.3827069352344,MEDIUM
WQ-00115,2026-09-03 14:30:00,7.563664167654333,298.59343177628176,1.4443686161675695,25.83048364886565,401.8165922630444,LOW
WQ-00116,2026-09-03 14:30:00,6.181970871895579,1243.5739217852674,46.75280026388642,23.406452606456746,2332.9601239430476,HIGH
WQ-00117,2026-09-03 14:45:00,7.593618571856378,2040.2802585332402,31.068407549980932,26.752113867386107,2500.0,HIGH
WQ-00118,2026-09-03 15:15:00,5.272038442653441,706.1275415640689,27.615411546196448,28.36000553441594,1447.4897718983684,MEDIUM
WQ-00119,2026-09-03 15:45:00,5.389423053851033,947.8368913667175,23.36774117316699,23.858400073057936,1477.0083773855533,HIGH
WQ-00120,2026-09-03 16:15:00,7.496878991414831,892.1185557334898,17.517102263557664,25.60816779849451,1610.541526100959,MEDIUM
WQ-00121,2026-09-03 16:30:00,6.945351336088026,877.9345131624501,11.498278803192896,29.20679346264975,1580.0988585218101,MEDIUM
WQ-00122,2026-09-03 16:45:00,7.087834725195571,874.8491230389556,24.677741974925112,25.25613659399349,1627.1747625194791,MEDIUM
WQ-00123,2026-09-03 17:15:00,6.8031217535066535,239.63945270085244,0.866009321053151,24.79120856185709,359.47285496367977,LOW
WQ-00124,2026-09-03 17:45:00,6.8825747168622256,1086.5509235620138,26.274810421208386,34.963642280097844,1639.6120348906002,MEDIUM
WQ-00125,2026-09-03 18:00:00,8.301579234680604,353.99626126472697,5.08913339994059,23.398494203545507,485.7768051579872,LOW
WQ-00126,2026-09-03 18:30:00,7.518149714846897,899.5049462090853,35.50170051262012,32.89668904859603,1553.931298402435,HIGH
WQ-00127,2026-09-03 19:45:00,7.476367945314266,303.37844649544695,2.990182675583579,25.95779523557575,479.17307332862424,LOW
WQ-00128,2026-09-03 20:30:00,7.202425740452778,166.84097483598958,2.105831972484738,18.86465302279632,307.4616858760327,LOW
WQ-00129,2026-09-03 21:15:00,7.222442216658773,298.935990745361,0.2,20.142520397577666,498.31164773191045,LOW
WQ-00130,2026-09-03 22:15:00,5.303101583099988,732.3618647580621,8.777136040998158,22.832020584650518,1243.6747647317593,MEDIUM
WQ-00131,2026-09-03 23:30:00,7.5159381894145225,328.1593942479319,3.6110721417129854,21.008077790735257,506.5227825150906,LOW
WQ-00132,2026-09-04 01:15:00,7.245483108481855,2190.043533409431,27.625366237254845,29.458261523359116,2500.0,HIGH
WQ-00133,2026-09-04 02:00:00,5.718285504622039,873.1415446462938,15.007479018359533,30.07322024040911,1285.0445980701268,MEDIUM
WQ-00134,2026-09-04 02:15:00,7.102362398461933,32.67108582733323,2.0177844767475768,28.39305445846653,57.374942178170144,LOW
WQ-00135,2026-09-04 02:15:00,6.031901525824933,779.4239546861389,11.379537411534454,28.54087544362541,1146.36666951562,MEDIUM
WQ-00136,2026-09-04 04:00:00,6.965591962336057,340.8687620860373,0.8505543919932002,22.440121553813764,552.1439396176035,LOW
WQ-00137,2026-09-04 04:30:00,6.4534816268219,1560.1691790695932,43.88957039880872,17.506552538220753,2500.0,HIGH
WQ-00138,2026-09-04 05:00:00,5.336698383758645,954.7609917085065,13.084705453279637,27.352947877086688,1653.2963881201065,MEDIUM
WQ-00139,2026-09-04 05:00:00,7.014270438357064,1733.2939752628388,28.697591244864313,30.15462116216995,2500.0,MEDIUM
WQ-00140,2026-09-04 05:15:00,7.739234781470158,273.60080953235797,1.3406898712382935,24.64025063738635,377.62062971962484,LOW
WQ-00141,2026-09-04 05:45:00,6.711673058972316,1167.89954123925,27.22360213834469,37.531201488516665,1829.2886447953686,MEDIUM
WQ-00142,2026-09-04 07:45:00,5.039468617511594,1102.2732088623368,19.67874309504643,33.20298273096536,1748.317090691805,HIGH
WQ-00143,2026-09-04 08:00:00,5.403581373997611,1928.2461720400443,41.07141670633522,34.710365509499916,2500.0,HIGH
WQ-00144,2026-09-04 08:45:00,7.824676450577023,978.9351384593759,27.969458973088834,22.189614349642,1276.718630197074,MEDIUM
WQ-00145,2026-09-04 09:30:00,4.816504289453571,1099.15706832867,20.5796039176706,24.435026254016282,1574.0456504844399,HIGH
WQ-00146,2026-09-04 10:00:00,7.243614464512917,202.3585634222793,1.89392085469711,23.668043875750243,350.86845210957733,LOW
WQ-00147,2026-09-04 10:45:00,6.868999649689734,175.86852695968946,2.717495391127188,21.28607506596376,291.37417518161186,LOW
WQ-00148,2026-09-04 11:45:00,7.503427726188628,1275.4888808921742,28.681978435576312,29.50232262492559,2100.7966681700113,HIGH
WQ-00150,2026-09-04 12:45:00,7.581779309331026,302.4392509276141,2.288668553182574,20.190922724308578,523.3178995864042,LOW
WQ-00151,2026-09-04 13:30:00,6.965460419169093,1397.0212054763283,27.800614945866784,37.18090025457675,2161.4707433231347,MEDIUM
WQ-00152,2026-09-04 13:45:00,8.23622583973002,1127.1240526504137,26.064973050380438,30.61386200285316,1593.9524040528586,HIGH
WQ-00153,2026-09-04 14:30:00,7.308676125346084,230.9884603324161,3.046062252163489,17.948250986402122,426.82189455845105,LOW
WQ-00154,2026-09-04 14:30:00,7.182033277216959,1215.918683908897,26.449420625446216,26.743285708275153,2201.5101146082698,MEDIUM
WQ-00155,2026-09-04 16:30:00,6.731725034392654,279.9716066851482,2.700828282258234,24.984222595730166,473.71681720380974,LOW
WQ-00156,2026-09-04 17:00:00,7.7928101724703085,523.475904859299,24.80854348725522,31.863961807178704,881.5808734571331,MEDIUM
WQ-00157,2026-09-04 17:15:00,7.057771018367887,210.62799890814608,2.2508236033964493,22.818832589056843,284.6678403723274,LOW
WQ-00158,2026-09-04 17:45:00,6.479434376934191,1292.1046343950366,28.964118908227693,31.139691337236037,1899.867348407633,MEDIUM
WQ-00159,2026-09-04 19:00:00,6.883314153863092,852.9646903930096,31.351087610227836,27.93570993385108,1260.5525979619908,MEDIUM
WQ-00160,2026-09-04 19:15:00,4.837115654660151,665.8180971410113,65.04701611419425,22.109672345774523,1102.095933032711,HIGH
WQ-00161,2026-09-04 19:30:00,7.502946513018022,400.3743996880289,2.0891442924594146,19.046916292811204,664.1677542447992,LOW
WQ-00162,2026-09-04 20:00:00,7.367466272925011,1609.3091537288612,75.51384005799443,36.73535922089609,2500.0,HIGH
WQ-00163,2026-09-04 20:30:00,7.531820220573781,223.69884270684796,2.4513067499055534,28.18594462433619,335.4286433216242,LOW
WQ-00164,2026-09-04 21:00:00,6.6849960961195745,196.5724037526138,2.8956138118223786,25.13018230641653,302.669005206825,LOW
WQ-00165,2026-09-04 21:00:00,6.807143029252756,1138.1174245541818,24.820878908348796,34.47853360590014,1632.5057127271318,MEDIUM
WQ-00166,2026-09-04 21:30:00,7.733913006340771,181.22149397964267,2.471707378232592,27.698134471645623,298.3805535058784,LOW
WQ-00167,2026-09-04 22:00:00,4.5220112340340926,1786.3374413160755,28.813456214492966,34.10177237687833,2500.0,HIGH
WQ-00168,2026-09-04 23:30:00,5.325233986182287,1556.0342085752172,60.429718443586175,24.53213106759797,2469.1010214190464,HIGH
WQ-00169,2026-09-04 23:30:00,7.794444621836685,252.0213732938615,5.329823834398404,30.060000628613203,374.1888479333079,LOW
WQ-00170,2026-09-04 23:45:00,6.670095434197287,1405.2956260275262,36.75450835461817,33.217808593249636,2500.0,HIGH
WQ-00171,2026-09-05 00:30:00,7.585387211957039,214.25287669572396,2.278094186967443,22.649564288859324,322.5906260579614,LOW
WQ-00172,2026-09-05 03:15:00,8.294621105717484,1130.0408264460384,17.537947356527376,23.65864997347351,1826.2687915802685,HIGH
WQ-00173,2026-09-05 03:45:00,7.610848750327792,152.11914511083492,1.6631781082818722,24.8987432352985,273.35872435155693,LOW
WQ-00174,2026-09-05 04:30:00,7.05788801043318,733.6684518045205,78.9778885186108,19.97364549096927,1482.3871209804706,HIGH
WQ-00175,2026-09-05 05:30:00,8.619835487248247,285.2996110603227,1.459731880499789,26.44885646373502,466.3194056008353,LOW
WQ-00176,2026-09-05 05:30:00,7.30378794885928,286.8114495260433,1.6785114792970028,20.662502148570905,405.75265532192645,LOW
WQ-00177,2026-09-05 05:30:00,6.301587927286129,1005.6530535525886,6.1250717626869875,28.853040544121434,1395.80771995613,MEDIUM
WQ-00178,2026-09-05 06:30:00,6.827796398247133,1504.9367804548547,28.33254206007056,26.870277975851042,2346.6143944681535,MEDIUM
WQ-00179,2026-09-05 08:30:00,6.838991029388895,1228.1946562317319,7.415202355026352,28.413487723651777,1664.8512856699413,MEDIUM
WQ-00180,2026-09-05 08:45:00,6.504963456040344,1073.2461949648155,28.31804699211929,23.215450636174676,1738.2657674776503,HIGH
WQ-00181,2026-09-05 08:45:00,5.367602980445152,1332.6879118332745,106.59333888042082,29.03262341291519,1967.94363312843,HIGH
WQ-00182,2026-09-05 09:00:00,8.709844422090079,1164.8968468902324,36.93306653968851,41.33627727610413,1964.6575774085159,HIGH
WQ-00183,2026-09-05 09:30:00,7.145132602791017,831.383911303812,5.332420670097626,33.9252981352432,1411.2204103418942,MEDIUM
WQ-00184,2026-09-05 11:45:00,7.070471578369066,411.85757288982484,3.1899996308727068,25.240676342484097,710.8966285654739,LOW
WQ-00185,2026-09-05 11:45:00,7.3159303022795985,690.7090888227356,29.00765090353655,29.848234406610285,1391.5254863557625,MEDIUM
WQ-00186,2026-09-05 13:15:00,6.818141136328999,1009.9533829450758,34.9934693055354,31.221005953464427,1448.5318327886123,MEDIUM
WQ-00187,2026-09-05 14:00:00,7.286203349156977,78.88006151386546,1.889768047431061,27.954896379376446,135.64880986836437,LOW
WQ-00188,2026-09-05 14:30:00,7.653022792361522,220.2589995509324,1.5050027420089414,21.095635662273647,385.1263046621554,LOW
WQ-00189,2026-09-05 14:30:00,5.931088298826233,804.6019532660787,20.220424442543134,26.61280566183899,1465.0390823259795,HIGH
WQ-00190,2026-09-05 14:45:00,7.558682241762728,42.34745329881099,3.033554437029806,17.62314619651172,69.6803936415217,LOW
WQ-00191,2026-09-05 17:00:00,8.312954807731753,1497.83428436483,39.99674612337556,36.73861266156537,2063.674014514422,HIGH
WQ-00192,2026-09-05 17:30:00,7.60977994798879,195.79657440270236,1.653602826926924,31.227584901952994,262.5932872969115,LOW
WQ-00193,2026-09-05 18:00:00,7.230704553297441,41.071429169488056,1.9812852367232412,24.2802891861808,78.9306966874482,LOW
WQ-00195,2026-09-05 19:00:00,7.215347011994701,359.15055601900417,2.6367347625233784,26.13111680801961,643.7098968169943,LOW
WQ-00196,2026-09-05 19:15:00,7.285716794878499,364.11119080669147,0.23460074677059883,20.835687918478218,536.0091992446578,LOW
WQ-00197,2026-09-05 19:30:00,6.616645100431296,978.9704169433237,17.558785456344847,23.6832527916777,1536.3734420324329,MEDIUM
WQ-00198,2026-09-05 19:30:00,7.316311441074567,1367.5020926593038,61.70647459427635,33.75945833874602,2350.4440791101406,HIGH
WQ-00199,2026-09-05 20:15:00,6.620055903555958,349.53409588062175,2.533353111225989,24.890939439294534,559.832851935101,LOW
WQ-00200,2026-09-06 00:00:00,7.787900022685461,381.41452268060885,2.8493526302850296,22.291619286314894,644.9841437499091,LOW
WQ-00201,2026-09-06 00:15:00,6.020313474857439,1780.7561070927375,43.5689952001862,26.102366204390012,2484.1239709790043,HIGH
WQ-00202,2026-09-06 00:30:00,6.776947785695373,992.2157111526756,70.73441598168137,30.755016331324995,1519.8973731410222,HIGH
WQ-00203,2026-09-06 00:45:00,6.0547590673493525,944.2958677072828,31.24699196769792,24.95267223743816,1430.340838842401,HIGH
WQ-00204,2026-09-06 00:45:00,7.997883980082246,269.5564529862286,2.690755104672442,20.117670032389473,586.0114601876651,LOW
WQ-00206,2026-09-06 01:45:00,7.831815736587534,272.24245936586965,3.025465909843935,25.188574181393143,365.42972150025264,LOW
WQ-00207,2026-09-06 02:15:00,6.718360350892907,434.569264338145,1.716590135318421,23.376637866131283,621.1968289557649,LOW
WQ-00208,2026-09-06 02:45:00,7.52184080329954,1040.785956476174,8.561010883086665,19.932457008759073,2044.0648565184295,MEDIUM
WQ-00209,2026-09-06 04:00:00,7.582184789436069,362.6071773297581,2.6623983384268866,27.461726174814387,603.1445854269695,LOW
WQ-00210,2026-09-06 04:30:00,5.696046564650574,940.2412406283152,27.460892308314286,13.305942815283332,1716.054178428181,HIGH
WQ-00211,2026-09-06 05:00:00,6.881776962171889,883.8919687235593,32.904719911385655,24.768174224857823,1223.0987125655424,MEDIUM
WQ-00212,2026-09-06 07:15:00,7.173400866774947,983.8797058178146,12.636787249547066,23.89900772723042,1550.2549812629984,MEDIUM
WQ-00213,2026-09-06 07:30:00,7.650233873220418,156.57560168140105,1.2029258347951206,24.518626072549953,272.81198643722917,LOW
WQ-00214,2026-09-06 09:30:00,6.577261366948856,983.7654288509323,55.11780585877095,33.369970846816415,1581.4906463844566,HIGH
WQ-00215,2026-09-06 10:15:00,7.118423562635535,1178.5870025772604,21.288330111469133,32.633824041305175,2500.0,HIGH
WQ-00216,2026-09-06 11:15:00,8.005208544189822,1201.915315430634,3.14238389428872,23.437975633239198,2165.9943889725687,MEDIUM
WQ-00217,2026-09-06 11:30:00,7.951715259459807,140.80043159713847,2.61261898012961,26.053038180667187,226.29935499717294,LOW
WQ-00218,2026-09-06 12:30:00,6.109825270797765,317.1198924098478,0.2,24.685364357585115,472.7907170623649,MEDIUM
WQ-00219,2026-09-06 12:30:00,6.082561445162319,1316.955209269712,24.204355858785725,19.73076374890066,2500.0,MEDIUM
WQ-00220,2026-09-06 13:00:00,7.325907037605222,260.58277170413874,3.686849510146118,30.651890894019385,436.39152996297594,LOW
WQ-00221,2026-09-06 13:30:00,6.611555642272863,271.4196775491557,4.207366919587827,18.9642870546593,398.8057556661834,LOW
WQ-00222,2026-09-06 13:30:00,6.970637293674234,1118.75710298735,9.843436315280384,29.097486361548576,2099.3248836559096,MEDIUM
WQ-00223,2026-09-06 14:15:00,7.83656832930788,918.1980044099015,18.706084625873057,28.94979972098874,1448.8309253140555,MEDIUM
WQ-00224,2026-09-06 14:30:00,5.31343214040941,1885.8615582147356,45.93769550773153,31.653820693974463,2500.0,HIGH
WQ-00225,2026-09-06 15:00:00,7.551380422410443,257.8471555783932,4.159349620339725,22.268980912434372,356.7027501236311,LOW
WQ-00226,2026-09-06 15:30:00,5.484176522703563,1587.1900235384223,34.15688314786317,34.963515906843014,2500.0,HIGH
WQ-00227,2026-09-06 16:15:00,7.097639589344146,155.00636676164783,1.6754275746633942,18.538713841199165,254.2321780556133,LOW
WQ-00228,2026-09-06 19:30:00,8.008045225627527,1374.9049823550636,37.48725558462862,26.670856056630385,2048.1303861180463,HIGH
WQ-00229,2026-09-06 20:15:00,6.493081634916131,1003.3614831050926,18.25210847281742,24.180626617237706,1856.6359338369778,MEDIUM
WQ-00230,2026-09-06 20:15:00,7.607995620054782,294.16976828105896,2.9944218798631033,21.62945720276539,484.83101621099803,LOW
WQ-00231,2026-09-06 20:15:00,6.557951847772556,85.26327699096126,0.5751427383763299,25.50061725608741,143.8662650026386,LOW
WQ-00232,2026-09-06 21:00:00,8.29673817104616,719.0055549225978,20.28767255907674,32.387392713598416,1175.488564125819,MEDIUM
WQ-00233,2026-09-06 21:30:00,7.0026524463065,1820.3958014091177,8.488869556819097,27.940465428978804,2500.0,MEDIUM
WQ-00234,2026-09-06 22:15:00,6.763125118012304,963.1160460243731,11.445662190442956,30.903405449628888,1474.3459692173988,MEDIUM
WQ-00235,2026-09-06 22:30:00,6.975546509999895,622.7637007650081,63.46242981334979,30.29844399266759,1082.9184063028185,HIGH
WQ-00236,2026-09-07 00:00:00,4.99018057105219,1744.5501730138512,43.90208139609232,24.643606744571947,2500.0,HIGH
WQ-00237,2026-09-07 00:15:00,7.786898056314493,780.3677830424008,18.808942594470253,25.71023953379468,1099.9980780415733,MEDIUM
WQ-00238,2026-09-07 00:45:00,6.07601522450357,1886.3004546331506,28.527508272419812,28.20308465525031,2500.0,HIGH
WQ-00239,2026-09-07 00:45:00,7.308168718228205,222.09478892566702,1.957278319434589,21.561690306230936,353.2547382976571,LOW
WQ-00240,2026-09-07 01:00:00,7.178754973265533,248.4236017418477,2.5312244838107634,25.49969025029542,408.31586430168613,LOW
WQ-00241,2026-09-07 01:15:00,5.8193485972544154,1798.0027398648265,66.62415654215876,31.407877126228556,2500.0,HIGH
WQ-00242,2026-09-07 04:00:00,7.094670611628409,1008.9526710752284,0.2,20.456101810383494,1932.2652491620145,MEDIUM
WQ-00243,2026-09-07 04:00:00,7.5151580825469,140.6437872949454,1.2850627083109094,18.21965901666225,199.59502069204035,LOW
WQ-00244,2026-09-07 04:15:00,7.38881110605228,856.7703475124164,23.590962421890058,29.123422266028772,1493.8313138056765,MEDIUM
WQ-00245,2026-09-07 04:45:00,6.893403982885822,1081.978015916669,21.01136884037714,22.923567856027326,1587.4921661972137,MEDIUM
WQ-00246,2026-09-07 04:45:00,6.913199811077181,844.2666440068735,53.87427733558795,31.812246930601944,1448.8440518698646,HIGH
WQ-00247,2026-09-07 06:30:00,6.585863442056222,533.0323880243988,24.67540286126554,30.90465789054594,915.1246303642455,MEDIUM
WQ-00248,2026-09-07 08:00:00,8.572298881057161,1081.2186039496344,18.951321370065926,20.645235812972203,1560.6788052286197,MEDIUM
WQ-00249,2026-09-07 08:15:00,6.694431312606276,175.73195186896967,1.6204614844141054,19.059619608983354,258.5688631419886,LOW
WQ-00250,2026-09-07 08:15:00,7.845702992672239,813.7102771575377,19.54498510264499,35.37215841197647,1286.4578770862067,MEDIUM
WQ-00251,2026-09-07 09:00:00,7.925930588040728,491.5017115731635,33.48742349822743,28.757853914812294,738.3574827969259,MEDIUM
WQ-00252,2026-09-07 09:00:00,5.547841194034406,1091.9878605462468,28.895825476074283,27.484556059960376,1811.866130833071,HIGH
WQ-00254,2026-09-07 10:30:00,7.8479706273253935,313.7340071860603,2.4016764353982634,22.21345702882452,540.6386970219947,LOW
WQ-00255,2026-09-07 10:30:00,7.837012553070311,160.5892850388825,3.916386022861904,19.832996823603416,238.176846336189,LOW
WQ-00256,2026-09-07 10:30:00,6.921016640269408,1264.6227464511492,18.99691741763687,31.41706087045295,2186.4336809278548,MEDIUM
WQ-00257,2026-09-07 10:45:00,6.182773841781324,1089.8687108116758,66.09374643224115,25.339493078362075,1536.9542985618648,HIGH
WQ-00258,2026-09-07 11:30:00,7.305766027832177,168.52173785733427,3.5551773435915246,27.827371058756935,280.37892339088444,LOW
WQ-00259,2026-09-07 11:30:00,7.575738768343783,368.3621796708022,2.129870308510287,22.59779878080496,592.9557088129351,LOW
WQ-00260,2026-09-07 11:45:00,7.950889706275422,946.5212335200617,19.892810209232376,21.783249081913425,1422.2202157518436,MEDIUM
WQ-00261,2026-09-07 13:15:00,7.481591398037639,180.3177743889581,1.8380409607469623,22.507944441951693,290.16499549828296,LOW
WQ-00262,2026-09-07 13:45:00,5.48855637686271,1291.0494101513746,39.37189104666319,14.2549993349915,2144.153349593833,HIGH
WQ-00263,2026-09-07 13:45:00,7.770992178073241,351.77662197878533,3.1396638466345164,23.577309981640976,569.0349766033225,LOW
WQ-00264,2026-09-07 15:00:00,7.814517835877657,361.9582537663114,2.4541109749810657,23.404582831044443,537.3257377305862,LOW
WQ-00265,2026-09-07 15:15:00,7.054659528447786,1039.6185918773026,50.176373601737126,34.948456479287806,1791.7388320242874,HIGH
WQ-00266,2026-09-07 15:30:00,7.735474507936242,226.18095709288025,0.9622541385821817,17.39793275205817,369.31978476485733,LOW
WQ-00267,2026-09-07 16:00:00,7.278082341428987,238.1141144900816,1.135760914887242,28.066532263022417,383.67308075479735,LOW
WQ-00268,2026-09-07 16:15:00,6.981954874791239,141.23839005350624,4.557791507254678,26.872097532491797,210.2152432607379,LOW
WQ-00269,2026-09-07 16:30:00,7.00931295621165,224.9883452615005,2.0043917021824416,28.382152472945318,366.42499304367345,LOW
WQ-00270,2026-09-07 16:45:00,6.664041538193964,230.47905744065304,1.347750804863804,23.81547518398552,316.37571363197253,LOW
WQ-00271,2026-09-07 17:00:00,7.5066268751956775,332.6188531043062,3.7742090821482273,27.548638919359643,544.7341412361677,LOW
WQ-00272,2026-09-07 17:15:00,7.362448047548034,338.66825254800807,2.5099894035519075,18.850645877825833,559.0993196441688,LOW
WQ-00273,2026-09-07 17:45:00,7.202005532961631,200.37115414768928,2.835970408550974,26.495666478215867,328.6184070144328,LOW
WQ-00274,2026-09-07 20:00:00,4.683285881741198,852.9303083506214,20.619529247184666,23.144186189500275,1576.5765637180107,HIGH
WQ-00275,2026-09-07 20:45:00,5.964511897729373,1046.1443064522398,18.81326909423196,18.74299083788532,1875.4949417349053,MEDIUM
WQ-00276,2026-09-07 21:45:00,7.904378293131425,177.33303959656897,2.013454990252981,20.065508186424736,301.50476678457045,LOW
WQ-00277,2026-09-07 22:30:00,7.100918299971592,282.97761365636626,0.6789880126715107,24.019358985202448,411.21514150795826,LOW
WQ-00278,2026-09-08 01:45:00,7.170443758242631,880.6605727787728,21.120725905801024,22.878503958911985,1424.9884320357426,MEDIUM
WQ-00279,2026-09-08 04:00:00,5.009314570024744,981.6285404593241,51.51272769493758,32.2564411901748,1661.183070719441,HIGH
WQ-00280,2026-09-08 04:15:00,7.838705482359232,986.4020491057342,85.71019114456259,19.150574669975896,1422.1645125616203,HIGH
WQ-00281,2026-09-08 04:15:00,7.335187552975396,360.2352826427992,2.2945989715057373,16.555158597344484,505.18878286509465,LOW
WQ-00282,2026-09-08 04:30:00,7.530518178417591,215.92206687710313,0.2,28.803356019502516,310.5349357524781,LOW
WQ-00283,2026-09-08 05:15:00,8.44660090634676,377.631868450848,2.0966160239369165,27.16330045290502,663.8927136200696,LOW
WQ-00284,2026-09-08 06:15:00,8.082398045265233,183.77273653565808,5.213454546419137,20.327461074301674,311.32878314924534,LOW
WQ-00285,2026-09-08 07:00:00,6.670075784034707,964.0651442489285,30.663662349850398,26.985001782647302,1322.7678109193387,MEDIUM
WQ-00286,2026-09-08 09:45:00,6.455084861347231,1426.388879064013,13.891110561914113,32.097535301006616,2248.163849626046,MEDIUM
WQ-00287,2026-09-08 10:00:00,7.253504744816211,134.83519298030487,2.8502171658736124,25.467202129017117,223.2583741674503,LOW
WQ-00288,2026-09-08 12:15:00,7.6294542118144415,59.19669500902012,1.3837852326212858,24.518780836642176,89.2725330362188,LOW
WQ-00289,2026-09-08 14:00:00,6.821081899311847,1183.0498288831914,8.461924804531424,32.47577040656299,1738.6594019969293,MEDIUM
WQ-00290,2026-09-08 14:15:00,7.222140134748438,155.58718051462336,1.8167937004425208,21.442506336795727,265.63722108947206,LOW
WQ-00291,2026-09-08 14:30:00,7.867181250709042,1342.1315816396311,47.013581663254946,30.18707069198777,2119.713849159503,HIGH
WQ-00292,2026-09-08 14:45:00,7.3486055486999735,177.26736105935737,0.2,23.937529765976628,262.3875654974465,LOW
WQ-00293,2026-09-08 15:00:00,8.69958909303732,1451.90185676302,19.71849560815001,28.363427713973746,2500.0,HIGH
WQ-00294,2026-09-08 15:15:00,7.440834153688479,144.4517413532832,2.2113691195005902,22.63568071002737,232.7086575223146,LOW
WQ-00295,2026-09-08 15:15:00,8.185318394224728,1281.6227666043437,36.02019012824301,30.437209426970945,2317.009430168349,HIGH
WQ-00296,2026-09-08 15:30:00,6.757319422710627,1520.929824091483,53.685847965213995,30.206444975913165,2500.0,HIGH
WQ-00297,2026-09-08 16:00:00,7.362960573249448,966.8426232157805,18.277296799211648,23.709434144792844,1649.2997964618303,MEDIUM
WQ-00298,2026-09-08 16:00:00,5.675388948482276,1083.9680687345622,60.71050246817261,34.810775459402684,1671.1727708482729,HIGH
WQ-00299,2026-09-08 16:30:00,5.546240777412589,1217.9945232325579,18.95729986467571,24.14168875340245,2027.6974034001548,HIGH
WQ-00300,2026-09-08 16:45:00,7.244779466261241,585.6606044702188,38.427343019376295,25.90883277726413,1007.8570503201718,HIGH
WQ-00301,2026-09-08 17:15:00,7.388553242465315,1189.4268265364763,7.253317743677037,28.22831716367969,1908.9065418466012,MEDIUM
WQ-00302,2026-09-08 17:30:00,7.418115425900209,240.69168859126117,0.9981903025782461,25.253362644307256,436.682593773765,LOW
WQ-00303,2026-09-08 17:45:00,5.935204998687228,812.0992328505457,26.17370803031829,16.404480298913334,1257.6487159241424,MEDIUM
WQ-00304,2026-09-08 18:00:00,5.879806225283005,840.2971715550206,38.64233251497638,31.45454907464729,1221.5695405422002,HIGH
WQ-00305,2026-09-08 19:30:00,4.97286359781376,1342.4373650554976,51.93094679455576,25.938057914327015,2181.945969899208,HIGH
WQ-00306,2026-09-08 19:45:00,5.574283415295465,755.7364382648909,27.62857920182391,33.09981647388527,1243.312582017896,MEDIUM
WQ-00307,2026-09-08 20:00:00,7.44926841175119,292.19563092801894,2.2192905918403647,22.32642276419346,454.84543941111036,LOW
WQ-00308,2026-09-08 20:00:00,7.743782941281019,1215.9151874563906,11.736015458848065,26.755782071329946,2440.166790558289,HIGH
WQ-00309,2026-09-08 20:15:00,7.393962895883837,188.20576470240962,1.660847816936683,30.698251140239485,288.566626687983,LOW
WQ-00310,2026-09-08 21:00:00,6.382813359197967,273.66784083299365,0.8668993080205958,23.02931626922216,342.08480104124203,LOW
WQ-00311,2026-09-08 21:15:00,6.756929654749089,847.2842258043777,9.212900322231285,33.194249423367296,1383.0063636656523,MEDIUM
WQ-00312,2026-09-08 22:15:00,6.777900752525545,980.407215908471,26.017489193197463,27.195225427822802,1599.7441784845803,MEDIUM
WQ-00313,2026-09-08 22:15:00,8.343199437601449,370.92015780829286,0.9645042197032423,25.453965906027214,558.0965902180914,LOW
WQ-00314,2026-09-08 23:00:00,6.7442879391862,275.7793588716289,2.551509407395698,24.24485506293981,383.7090580264038,LOW
WQ-00315,2026-09-08 23:15:00,7.224195078830363,70.39269150712875,0.7679949725567927,26.967480692050433,103.74781381180306,LOW
WQ-00316,2026-09-08 23:45:00,8.167633706245054,270.8596068302263,2.5260213221284302,21.60063935501432,552.0271196992367,LOW
WQ-00317,2026-09-09 00:00:00,7.602490253605947,340.95773689781083,1.6624491741407414,20.555830169432852,521.4984510147315,LOW
WQ-00318,2026-09-09 00:15:00,7.322484805137319,851.2488426004174,36.06615533650644,23.80711904811489,1099.3561451543128,HIGH
WQ-00319,2026-09-09 00:15:00,7.451562996660746,319.6071325506049,2.5560907851369716,24.34898631713432,486.2080358453824,LOW
WQ-00320,2026-09-09 00:45:00,6.729943538657265,1087.7560943622605,72.18722364587111,28.675087286698023,1975.1387647912427,HIGH
WQ-00321,2026-09-09 01:00:00,7.177609530278536,785.4951193815359,28.375772238645766,34.261649258827056,1233.2910361461002,HIGH
WQ-00322,2026-09-09 01:30:00,6.292885260830426,931.0571841431808,22.561433402441672,33.5236584991076,1714.1529222696213,HIGH
WQ-00323,2026-09-09 02:00:00,7.79512636050869,71.91709513283172,1.120804126072094,20.58456581967747,103.63168358385853,LOW
WQ-00324,2026-09-09 03:00:00,5.870247737335846,847.2503771634098,17.86394757255582,23.330256041930337,1505.8292496454237,MEDIUM
WQ-00325,2026-09-09 03:00:00,6.728367972831538,1839.0000598052911,39.23370709961816,21.382563490122877,2500.0,HIGH
WQ-00326,2026-09-09 04:45:00,7.034055722464745,479.85216073581825,14.741417793128608,37.151864953795524,844.0178354345667,MEDIUM
WQ-00327,2026-09-09 05:00:00,5.783706911807893,863.7912175527188,18.258937105394708,31.828016994730962,1471.0012314300961,MEDIUM
WQ-00328,2026-09-09 05:30:00,6.882986043505765,672.9529060644529,7.864826763473472,29.39901160025789,948.9315935860242,MEDIUM
WQ-00329,2026-09-09 06:00:00,6.433094885500836,886.0696308635888,0.2,20.29895807484476,1414.9778309307374,MEDIUM
WQ-00330,2026-09-09 06:45:00,6.917734402912215,197.08548929184116,1.0380188901461964,23.99590503847594,336.0665211101836,LOW
WQ-00331,2026-09-09 06:45:00,6.634788943789767,1207.8100039731391,28.274938966718445,29.546239922065425,2190.894198401463,MEDIUM
WQ-00332,2026-09-09 07:00:00,6.903205114082753,315.8913496182528,0.44165161478538884,23.11534808312951,622.203367176583,LOW
WQ-00334,2026-09-09 11:30:00,5.249914505847637,1405.3395194506763,84.39976856712414,43.87098675385698,2242.380972720278,HIGH
WQ-00335,2026-09-09 12:00:00,7.720389660345973,265.3906799286344,1.4998543451669208,20.685280105171167,390.96228085364487,LOW
WQ-00336,2026-09-09 12:15:00,6.013890699053386,710.3638818310575,25.210460091648358,21.889563770116517,1211.4417301949925,MEDIUM
WQ-00337,2026-09-09 13:15:00,7.1451672879885475,307.1489318200951,2.9065488611505446,20.927853770649982,430.0404726988031,LOW
WQ-00338,2026-09-09 14:00:00,6.431547443838616,655.3502640409757,28.625261297812802,35.03099580008245,1135.8874994665077,MEDIUM
WQ-00339,2026-09-09 15:00:00,7.996316027993678,305.1839294512008,0.5254543463311343,27.648243609603895,503.8372248507508,LOW
WQ-00340,2026-09-09 16:30:00,6.730289945616592,1800.7341508051559,39.916687042211215,29.18683309323811,2500.0,HIGH
WQ-00341,2026-09-09 18:00:00,7.304719788855023,248.97781418792783,0.41995000352976875,24.12795882540306,366.44254676277257,LOW
WQ-00342,2026-09-09 18:15:00,6.898719441069724,1283.0390375944492,98.81899289602711,25.100738242819673,1720.2358947171979,HIGH
WQ-00343,2026-09-09 19:00:00,4.5,1502.1177651576759,9.912744191656799,35.3401629464591,2500.0,HIGH
WQ-00344,2026-09-09 19:00:00,6.86764980776932,270.4659585778519,11.521597811301799,25.100490879457233,451.35562981992723,MEDIUM
WQ-00345,2026-09-09 19:15:00,8.397514177804762,1464.8581230244754,22.106781193486896,28.439540763270003,2105.023607779703,MEDIUM
WQ-00346,2026-09-09 19:30:00,6.532346506402673,1306.9254808208734,12.07346951209663,33.652738629175545,2451.1749664837516,MEDIUM
WQ-00347,2026-09-09 19:30:00,6.467913169169336,1330.7613170383433,74.757066014644,28.872030371500674,2034.8000186606087,HIGH
WQ-00348,2026-09-09 20:00:00,7.6466577708389885,293.5879261608045,4.864692691191846,23.177619022757536,423.4716100133797,LOW
WQ-00349,2026-09-09 20:45:00,7.571703932485759,883.5508372557599,17.242508806873825,27.052876027645375,1414.3744309169745,MEDIUM
WQ-00350,2026-09-09 20:45:00,6.501139988199563,127.38138290139577,0.7475345384711489,26.783743948275767,195.06631535169632,LOW
WQ-00351,2026-09-09 21:00:00,5.63825513865673,868.8914124184168,0.2,35.23246537741917,1197.3905483754218,MEDIUM
WQ-00352,2026-09-09 22:30:00,7.494631080988766,236.07999356727422,1.9314804096256886,26.049201812861288,320.3666734667354,LOW
WQ-00353,2026-09-09 22:30:00,6.363842578576868,925.2854605478228,18.836345768385563,31.016571118121334,1501.3995374955068,MEDIUM
WQ-00354,2026-09-09 22:45:00,7.884018946664936,935.622260802715,15.487038736398555,26.000729689494378,1591.0391973633887,MEDIUM
WQ-00355,2026-09-09 22:45:00,6.663619207586082,1128.6611898820818,24.213752539762282,23.461010684156413,1998.3335786110574,MEDIUM
WQ-00356,2026-09-09 23:15:00,5.449101948215162,661.0723983324875,25.951731428154865,30.269931161175577,974.1453150422954,MEDIUM
WQ-00357,2026-09-09 23:15:00,5.131986083156003,1416.766173342643,52.107831674633815,31.027444947603428,2500.0,HIGH
WQ-00358,2026-09-09 23:45:00,4.5,1840.1732854749316,38.04525281669328,21.464228107501505,2500.0,HIGH
WQ-00359,2026-09-10 03:30:00,6.724405847037816,518.385470673817,10.983781704257382,25.35965188287201,827.8783745710415,MEDIUM
WQ-00360,2026-09-10 03:45:00,6.758711904551713,939.5222697716118,28.65833097806716,26.585514882592232,1592.8970023426507,MEDIUM
WQ-00361,2026-09-10 04:00:00,5.975537290218103,1127.5561692502436,45.27530270727367,26.937252797829128,1770.6897998493755,HIGH
WQ-00363,2026-09-10 06:00:00,7.9393339264325125,148.567324710702,3.069083104419455,25.67943662915776,242.478103949209,LOW
WQ-00364,2026-09-10 06:45:00,7.3233252094897505,214.74043558696002,0.636061724048173,28.806112212610266,361.59157412789824,LOW
WQ-00365,2026-09-10 07:00:00,5.298979749392359,1305.076235173919,7.657777925423968,28.317126308260796,1916.6369157913496,HIGH
WQ-00366,2026-09-10 07:30:00,7.362961185369194,621.8253205410131,14.444592812594717,27.406939182125388,980.2172252393385,MEDIUM
WQ-00367,2026-09-10 07:45:00,6.955360228508576,905.5481990580456,21.762161017605305,24.380413094338504,1281.992201621846,MEDIUM
WQ-00368,2026-09-10 08:45:00,7.132043677617709,613.574394564029,29.552517759761006,27.059647665982833,974.1112115354524,MEDIUM
WQ-00369,2026-09-10 10:00:00,7.841665887188652,385.4676457965291,2.5864406435867098,24.04568873986404,637.0369872824906,LOW
WQ-00370,2026-09-10 10:00:00,5.23517190353896,1174.310911901911,69.18204786327684,21.7973166957946,2289.2099278064543,HIGH
WQ-00371,2026-09-10 10:15:00,8.408755386185138,1340.2571570678838,53.722709983040204,26.762835181377632,2500.0,HIGH
WQ-00372,2026-09-10 11:45:00,6.9682575110861595,193.74953530043842,2.429514540060706,22.868510905192732,380.0067968760759,LOW
WQ-00373,2026-09-10 12:15:00,7.737150317240385,145.00194094372176,3.519702758378588,25.447178404195025,225.5925415263996,LOW
WQ-00374,2026-09-10 12:30:00,6.640693537513992,208.83644180470083,2.7167000737085534,25.61472539194997,387.98069667657694,LOW
WQ-00375,2026-09-10 12:45:00,6.981380890728477,451.2419245162904,2.2749110597814908,21.965385313121782,648.9564841001949,LOW
WQ-00376,2026-09-10 13:00:00,8.082365891026402,355.286382887683,3.8284983373237544,25.641043608896595,571.3701030885384,LOW
WQ-00377,2026-09-10 13:45:00,6.1391001769991504,1025.8836292389365,47.53397942936138,28.907526423908898,1694.6984199968817,HIGH
WQ-00378,2026-09-10 13:45:00,7.529941953849599,1042.466302673571,18.956593950820782,12.651899875725217,1830.9160846655968,HIGH
WQ-00379,2026-09-10 14:15:00,7.506629924923661,155.16295046002614,1.2783944153445854,22.303542888169602,236.04832628591774,LOW
WQ-00380,2026-09-10 15:15:00,6.821281382999871,509.19911945383143,29.030254590454113,32.39494320071189,890.628448629909,MEDIUM
WQ-00381,2026-09-10 15:30:00,7.922887743699517,1124.2924018862186,34.370505418424685,18.590971216861604,2004.5246300487051,MEDIUM
WQ-00382,2026-09-10 16:15:00,6.1633411753481,1790.8352817245493,43.887077168464536,30.67614720249324,2500.0,HIGH
WQ-00383,2026-09-10 16:30:00,4.61926189243653,1747.4998553982018,73.77414372315644,39.511567285111724,2500.0,HIGH
WQ-00384,2026-09-10 16:45:00,6.297569931036222,796.6296451716939,2.2998496802842396,23.196935234947595,1314.7781449082106,MEDIUM
WQ-00385,2026-09-10 19:30:00,7.648036277915763,214.99018393982124,2.139001287711294,24.0075217814969,326.491665378935,LOW
WQ-00386,2026-09-10 19:30:00,6.795509106362508,1634.9109103900869,44.1179119337024,22.17590245663247,2500.0,HIGH
WQ-00387,2026-09-10 21:00:00,5.724706312323422,986.1291282165836,14.730056275926529,35.13615570831786,1533.6836574988545,MEDIUM
WQ-00388,2026-09-10 23:00:00,5.675657480591799,1200.4177609071232,97.44494283560121,29.500004238020313,2102.347849627464,HIGH
WQ-00389,2026-09-10 23:30:00,7.138225392858989,84.28353618936518,2.127188104042363,24.163193949779064,113.25023869404563,LOW
WQ-00390,2026-09-11 00:00:00,6.034530405885775,1393.2725737739647,36.02992302470247,38.125802793033735,2380.7557893449534,HIGH
WQ-00391,2026-09-11 00:00:00,5.868064808548837,1137.3821206319449,22.25962113433505,30.307391973227404,1594.399123488086,HIGH
WQ-00392,2026-09-11 00:45:00,7.117233001346235,122.21705398692586,0.2,20.93529943626141,200.79432512076045,LOW
WQ-00393,2026-09-11 01:30:00,6.353542136055355,1040.5270639687149,14.401320746550848,23.76361037956342,1556.6829138443943,MEDIUM
WQ-00394,2026-09-11 02:00:00,7.47864994482144,972.9391729294124,31.83239969445404,29.474656522616492,1465.1519868183855,HIGH
WQ-00395,2026-09-11 02:45:00,7.76410458994561,297.51334369091,1.5081601095739479,21.81557630727971,431.9229777188982,LOW
WQ-00396,2026-09-11 03:00:00,6.790642156433388,1091.8346099381815,13.711248371997286,16.413783439397363,1916.970413674525,MEDIUM
WQ-00397,2026-09-11 04:00:00,6.007960204129269,1086.1032080683658,73.80956400331681,29.680555208165533,1586.6219423983778,HIGH
WQ-00398,2026-09-11 04:15:00,7.462965940417601,84.47365398515484,3.674279841047012,18.819255686063165,115.59281209826673,LOW
WQ-00399,2026-09-11 04:15:00,6.287568669408319,782.6257043497666,27.169904721611417,35.08140876781863,1294.7123947571479,MEDIUM
WQ-00400,2026-09-11 04:30:00,6.039875938374419,1095.6080098559416,17.448826659613328,27.883938188815762,1761.1944546392886,HIGH
WQ-00401,2026-09-11 05:00:00,6.976900455983428,181.2196486826626,1.9365818283720442,20.831887301397487,307.88607179943835,LOW
WQ-00402,2026-09-11 05:00:00,5.765186836028544,1086.263536934096,27.308700845350902,25.80820551202528,1812.8145444103645,HIGH
WQ-00403,2026-09-11 06:00:00,5.236526200207729,657.8868700686374,23.114991381369812,18.66361447275648,910.3365022424877,MEDIUM
WQ-00404,2026-09-11 07:00:00,7.472926801578294,387.73827990958455,1.0511418628607245,20.151883396268236,692.7040648524492,LOW
WQ-00405,2026-09-11 08:15:00,7.129715673783709,1663.7711837416177,31.402803050725435,36.097939215244196,2500.0,HIGH
WQ-00406,2026-09-11 10:15:00,4.812901699201759,1642.5604728844105,22.23613820493561,43.39071687295435,2291.985175704787,HIGH
WQ-00407,2026-09-11 10:45:00,7.411307920047215,317.09528481015263,0.47992436960253615,26.542387796196355,482.2940719409547,LOW
WQ-00408,2026-09-11 12:15:00,6.1800642047336645,1569.1491773864927,49.826858734585926,29.447744768273825,2099.97661473051,HIGH
WQ-00409,2026-09-11 13:00:00,7.553678908491562,208.01040303384238,2.458055138982781,22.48814218521129,350.79196504440944,LOW
WQ-00410,2026-09-11 13:15:00,6.387061231896412,1287.7696404335634,82.41744068542297,24.261025118541827,2051.971169773709,HIGH
WQ-00411,2026-09-11 13:45:00,5.8098005400512776,805.9358397897325,15.316616316452974,37.2988294966987,1388.6840858930211,MEDIUM
WQ-00412,2026-09-11 14:30:00,5.953208025857126,1479.6429659712999,24.961005896232706,26.056256490678127,2353.8776784528054,HIGH
WQ-00413,2026-09-11 14:45:00,7.413240609013238,280.0320828169498,2.543983837202282,31.404704405218766,545.2824333218682,LOW
WQ-00414,2026-09-11 14:45:00,7.42878091974551,1173.755832286455,39.415573655238276,38.361117057660366,1775.4661522821173,HIGH
WQ-00415,2026-09-11 15:30:00,6.403615683030649,271.89470967496516,3.018766947624644,17.907212490288043,425.2285245793217,LOW
WQ-00416,2026-09-11 15:45:00,7.555576960910711,139.02179739293143,3.0527521055357862,21.669166614842478,225.484611022015,LOW
WQ-00417,2026-09-11 16:15:00,7.93532990237944,365.40560467303044,2.560152204717294,21.658342065391622,612.5025036151455,LOW
WQ-00418,2026-09-11 16:30:00,6.2469741237937875,1098.7937435932868,39.3759264889485,29.520921815365565,1940.2526999697873,HIGH
WQ-00419,2026-09-11 17:30:00,7.647591123211899,275.09768893602194,1.8067168805900116,23.788900114101864,414.51426750772805,LOW
WQ-00420,2026-09-11 17:45:00,5.696930919102198,1755.0714993023912,14.909414226464698,45.0,2500.0,HIGH
WQ-00421,2026-09-11 18:15:00,6.810475350542343,984.6490797250984,13.940822213823083,21.613860627626206,1513.1831355621473,MEDIUM
WQ-00422,2026-09-11 18:15:00,6.670588916761332,238.50229926376744,1.5157917237081433,24.801394774825365,320.3664802506433,LOW
WQ-00423,2026-09-11 18:30:00,6.345045511211508,230.97218763704137,0.9636310613276227,26.15777709863731,325.71146008655506,LOW
WQ-00424,2026-09-11 18:45:00,7.824244610551374,224.92030128016034,2.683916363356431,23.994497984357814,424.6244306875242,LOW
WQ-00425,2026-09-11 19:00:00,6.161253804206669,773.1263324359495,33.9662786898701,27.55090288890679,1315.297663613668,MEDIUM
WQ-00426,2026-09-11 19:30:00,5.94447215499657,1179.1962966875124,25.0226264887587,23.731146634160478,1827.3980654966686,MEDIUM
WQ-00427,2026-09-11 19:45:00,6.776100986028413,363.16313362858415,2.511785579319101,24.372701681109387,589.7582162683383,LOW
WQ-00428,2026-09-11 20:45:00,4.9900302969161245,1308.7560795796405,22.249554930346374,33.068393977046235,2441.546682063982,HIGH
WQ-00429,2026-09-11 20:45:00,7.321773034957423,159.27833575555042,1.8645856119669217,25.14660204494895,247.66543420932692,LOW
WQ-00430,2026-09-11 21:00:00,5.670422805864354,1153.8069131926268,29.81274925808893,33.42120542347255,1862.7846327258758,HIGH
WQ-00431,2026-09-11 21:00:00,6.777970997994699,1768.1408586649447,58.24170426934171,38.47564740381739,2406.093681413394,HIGH
WQ-00432,2026-09-11 21:00:00,6.852538418979592,1606.7305206025019,30.06666017547208,35.62179925148605,2500.0,MEDIUM
WQ-00433,2026-09-11 21:00:00,7.140637234743456,1023.2724192110966,32.11660413706647,27.356473067487183,1482.8311471409604,MEDIUM
WQ-00434,2026-09-11 21:30:00,6.638600790928444,1252.1419444142794,39.59414297943162,22.969449888700332,2301.8385856068594,HIGH
WQ-00435,2026-09-11 22:15:00,8.10999569221935,281.60262231556504,1.485435919445686,21.89998153851108,504.3754543871106,LOW
WQ-00436,2026-09-11 23:15:00,6.919582803929802,172.0794987544417,0.8213642114203208,23.231290968289045,259.42947688872516,LOW
WQ-00437,2026-09-11 23:30:00,7.375279310208687,206.6347371788803,2.4785249613248848,24.883210409695067,301.646049452373,LOW
WQ-00438,2026-09-12 00:00:00,7.749517365389692,1113.356987226184,30.952184022261804,24.608336192503025,1979.1027443941866,MEDIUM
WQ-00439,2026-09-12 00:00:00,7.848404857003528,1092.3410893621942,24.733212565368742,22.321334004078242,1757.744795493596,HIGH
WQ-00440,2026-09-12 00:45:00,5.8336772629915705,683.9798338908233,44.38831666414424,21.059006554398316,1273.4558718522337,HIGH
WQ-00441,2026-09-12 01:15:00,6.08764455834413,1024.8999478947412,76.4553239543492,20.092933445666816,1682.5723812505457,HIGH
WQ-00442,2026-09-12 01:15:00,8.011154493140268,239.78319375320686,1.861719458811283,23.177672536789007,357.770360857799,LOW
WQ-00443,2026-09-12 01:45:00,7.2810593288993,1279.7491224272921,18.819725661929308,19.651672789648476,2154.813532294848,HIGH
WQ-00444,2026-09-12 02:45:00,7.487868364165898,57.59913519779053,2.716666391433889,20.498160105449127,95.19606886912953,LOW
WQ-00445,2026-09-12 03:00:00,7.302041887954405,255.04996456134538,1.2781789015317466,22.621343445044943,461.869421595628,LOW
WQ-00446,2026-09-12 04:15:00,6.612149305719191,597.2704670539074,33.66288306532486,20.320413453042832,1027.8300012914744,MEDIUM
WQ-00447,2026-09-12 04:30:00,6.688219063090324,1108.9542224602926,52.955211480558845,32.27851313099218,1528.565983755797,HIGH
WQ-00448,2026-09-12 04:30:00,6.710719406261638,819.8257480258669,24.564589108585327,30.701115318028435,1313.0331932572735,MEDIUM
WQ-00450,2026-09-12 05:15:00,6.958949029586279,782.5648932749741,39.22829883369059,24.81486346194999,1301.858392846746,HIGH
WQ-00451,2026-09-12 07:15:00,7.094867812177926,230.64863543387332,2.388050887406256,25.88100419548677,440.0395391795528,LOW
WQ-00452,2026-09-12 07:30:00,6.9321293738814385,1146.6028846803802,42.513111840829545,25.716029416591926,2050.6161612372,HIGH
WQ-00453,2026-09-12 07:45:00,9.085683486311565,578.2593753320864,37.08719623322578,23.086330442013526,824.1769883492568,HIGH
WQ-00454,2026-09-12 08:15:00,6.6003560123032665,300.1882651270499,3.264305457590249,28.187744673652016,490.9440631424756,LOW
WQ-00455,2026-09-12 08:45:00,7.5458056358854915,297.75849504339925,1.8469221755779057,27.094657085494756,405.97315125420323,LOW
WQ-00456,2026-09-12 08:45:00,7.057914460121493,305.8856879020402,2.205705093524922,26.105425008203717,497.95878309635816,LOW
WQ-00457,2026-09-12 08:45:00,6.97740257751925,764.5208914196489,49.29838015065357,35.55386772836456,1237.406625875989,HIGH
WQ-00458,2026-09-12 09:15:00,6.934918104995896,965.7619935685132,25.618129446049828,17.113606373163186,1466.7121889042535,MEDIUM
WQ-00459,2026-09-12 10:00:00,7.161854774042464,1606.8719652066309,15.154803279339493,38.12301328075864,2500.0,MEDIUM
WQ-00460,2026-09-12 11:00:00,7.781629932381585,673.1355449432913,6.575153921984398,28.960310582918712,1064.5886773119948,MEDIUM
WQ-00461,2026-09-12 11:00:00,7.044315838326137,902.0181146000684,13.126099779975462,32.05390692002867,1461.7977660142117,MEDIUM
WQ-00463,2026-09-12 12:00:00,4.5,2050.0172502559403,30.835871692604943,30.293548948080936,2500.0,HIGH
WQ-00464,2026-09-12 12:00:00,8.115703534062211,403.2046433311316,2.898181706299005,23.03641775673281,730.4716472808556,LOW
WQ-00465,2026-09-12 12:30:00,7.181296613919256,533.8415934673558,20.310708436752616,28.835721884431027,768.6390609425961,MEDIUM
WQ-00466,2026-09-12 13:00:00,7.708382516808887,1448.6639412601576,23.96394605010188,25.441260455477238,2397.413755440221,HIGH
WQ-00467,2026-09-12 14:45:00,5.985093191368859,698.6503413462688,9.756965899577384,31.33938050032556,1234.9475466424124,MEDIUM
WQ-00468,2026-09-12 15:30:00,5.569230118394665,1722.6558518444217,34.843871535739204,20.4812601326868,2500.0,HIGH
WQ-00469,2026-09-12 16:30:00,7.465672232365149,317.3448182777358,2.845983427919325,22.10448448372003,522.0913975063465,LOW
WQ-00470,2026-09-12 17:30:00,6.8872215829969035,680.9481500948025,27.949524581768017,37.22411624238323,955.9744207281827,MEDIUM
WQ-00471,2026-09-12 18:30:00,7.112301441007492,1008.5189146446018,14.75426171812092,23.86959768213804,1574.7347639775833,MEDIUM
WQ-00473,2026-09-12 19:00:00,6.6056508581137185,279.88970041691516,4.618732638830566,20.910966733274734,415.2426982656699,LOW
WQ-00474,2026-09-12 19:45:00,7.8382185822727894,250.7605072142563,2.1806422778187984,25.175459855100385,365.7681447751968,LOW
WQ-00475,2026-09-12 21:15:00,7.4037268594810675,337.6705536833222,1.4374943592433103,21.423072884502318,506.24032848836896,LOW
WQ-00476,2026-09-12 21:30:00,7.308298162493954,236.7859588831456,2.0088613717016237,23.350361728175326,335.7866823655042,LOW
WQ-00477,2026-09-12 21:45:00,5.796663574211332,863.0677047262116,22.92177107526833,31.244332680175354,1314.608028266677,HIGH
WQ-00478,2026-09-12 23:15:00,7.277286501282649,1141.1341312725797,20.488316193094505,23.50618290592592,1811.1541492175004,MEDIUM
WQ-00479,2026-09-13 00:30:00,5.0894191117267225,1027.6871122688926,21.686452993234983,30.943055596326104,1480.0700412368424,HIGH
WQ-00480,2026-09-13 01:00:00,7.3862955084290345,1060.9989467505952,7.565532030631603,31.111146577801783,1726.4753930664308,MEDIUM
WQ-00481,2026-09-13 01:45:00,5.780920623395256,753.7909321031087,12.373695249140487,32.274780473596465,1211.8926766486745,MEDIUM
WQ-00482,2026-09-13 02:00:00,7.424056060677864,135.92634967413733,2.0357312392213527,24.49189348221314,187.92667171596585,LOW
WQ-00483,2026-09-13 02:15:00,6.81062337200406,775.1011284844056,20.34732029977563,43.20629538488393,1080.558255080388,MEDIUM
WQ-00484,2026-09-13 03:00:00,7.9262921662822485,174.12607528874702,1.5771917976539995,27.690867937897288,281.07089382310784,LOW
WQ-00485,2026-09-13 03:00:00,7.31960517394375,300.7579341787623,2.0052850553159196,25.137071685423894,507.36264829478307,LOW
WQ-00486,2026-09-13 04:30:00,6.379396079140751,1114.7164910646914,22.610148554142054,22.620377929591324,1574.9245472893442,MEDIUM
WQ-00487,2026-09-13 04:45:00,6.520047978021598,865.8713363028719,30.894134565245253,26.514704370629296,1296.1658692033282,MEDIUM
WQ-00488,2026-09-13 06:00:00,7.972797245939599,358.7827116941917,2.090867091251344,28.99214441915012,561.532521687401,LOW
WQ-00489,2026-09-13 07:00:00,7.30222272688567,1201.0632666283286,25.991032052982533,35.54767307813134,1999.4805817042707,HIGH
WQ-00490,2026-09-13 07:45:00,6.610777513857629,953.5477616081187,16.58399698566079,34.39164550220114,1490.1470342352684,MEDIUM
WQ-00491,2026-09-13 08:30:00,6.7226651850266155,719.1838102605311,27.72095723598482,30.9259615336481,1162.415912601974,MEDIUM
WQ-00492,2026-09-13 08:45:00,5.724617182060915,1246.5828628758188,25.75730297612357,20.72169896852214,2148.763208330934,HIGH
WQ-00493,2026-09-13 10:45:00,7.1913556506386564,886.5761827737501,30.658170031798193,29.43580908912835,1412.3245226871704,MEDIUM
WQ-00494,2026-09-13 11:45:00,6.608082931537041,241.3548676787877,2.984806508688937,19.655091676814507,379.53327773690376,LOW
WQ-00495,2026-09-13 12:15:00,7.1517964658354565,1220.950090269504,57.95218370338522,21.07517283971545,2043.5121836207436,HIGH
WQ-00496,2026-09-13 12:30:00,6.99646619436845,704.2461282146165,21.015825913422198,28.195793422886194,1044.5198334671481,MEDIUM
WQ-00497,2026-09-13 12:45:00,8.690213849680442,576.8993253306357,24.449392270444683,29.615997236348754,827.2975091290526,MEDIUM
WQ-00498,2026-09-13 13:00:00,6.074898334706771,1039.2310311826034,32.63508928451526,31.516885492404022,1532.3509839815265,MEDIUM
WQ-00499,2026-09-13 14:45:00,7.3538020590317155,159.49390514930417,1.4827179736569263,25.73997684135133,264.31433822038946,LOW
WQ-00501,2026-09-13 15:45:00,7.793542230218561,661.0638118252546,23.81431397950362,22.076737075038118,1058.2478435175365,MEDIUM
WQ-00502,2026-09-13 15:45:00,5.703787948420101,872.1946595070795,54.13615318583997,29.370139891892002,1597.849747585415,HIGH
WQ-00503,2026-09-13 16:15:00,6.623967428373448,1543.8527119331077,26.8696570161919,20.957299286193074,2337.8822387191008,MEDIUM
WQ-00504,2026-09-13 16:45:00,6.901499517311316,1236.448965372805,21.252374365866917,16.983154352999023,1966.4632504398494,HIGH
WQ-00505,2026-09-13 17:00:00,7.111466900545619,914.2097245275088,21.060012257712152,30.70321354921537,1178.6933249241092,MEDIUM
WQ-00506,2026-09-13 17:30:00,5.70131956401517,1567.4521196711642,0.2,25.481253637254248,2215.679668224836,MEDIUM
WQ-00507,2026-09-13 17:30:00,7.35980581878467,64.08073242871612,1.9584466118153645,27.053744757500688,96.70096461155256,LOW
WQ-00508,2026-09-13 18:15:00,4.801947624723287,1092.5456126371287,41.53900767733374,36.650085467280235,1720.6791349680054,HIGH
WQ-00509,2026-09-13 18:30:00,7.001342588901062,663.8045395897352,20.39707057176981,23.90341337688401,1053.9535491645133,MEDIUM
WQ-00510,2026-09-13 18:30:00,7.602509303039825,59.445873504690695,3.7575057020349956,26.066088830943546,106.19532383840357,LOW
WQ-00511,2026-09-13 18:30:00,7.2976612643102525,240.52822106214984,0.8626218716402372,21.685951449852254,466.44661907533015,LOW
WQ-00512,2026-09-13 19:15:00,4.784949109415212,497.7255037880353,26.85830343349852,18.924726752239057,876.8230661153938,MEDIUM
WQ-00514,2026-09-13 19:45:00,7.564036267096761,181.6525585387924,1.6709916672084453,22.351941420994837,367.96529203688857,LOW
WQ-00515,2026-09-13 19:45:00,7.073293206034561,155.18427476440314,1.7647920904613992,22.45968846294504,264.2150914377711,LOW
WQ-00516,2026-09-13 19:45:00,7.273729798922871,265.6767651986361,1.6390251060323182,30.91370091245934,439.03121986758026,LOW
WQ-00517,2026-09-13 20:15:00,6.724698768748173,257.5022172712232,3.418445073432136,18.65950056043565,424.169120606543,LOW
WQ-00518,2026-09-13 23:15:00,6.130942404166572,1096.6357241058006,30.606175223369632,28.914355676857355,1889.7849033354978,MEDIUM
WQ-00519,2026-09-13 23:30:00,7.157984894139288,297.71453594414106,2.2856423966940347,20.51817466999337,496.5971335842161,LOW
WQ-00520,2026-09-14 00:00:00,7.628420812280152,1783.5088599573246,36.84651282212303,35.449568455603945,2465.3386112668154,HIGH
WQ-00521,2026-09-14 00:30:00,5.760496609112525,1349.2710079965593,67.576172698351,31.790587417050396,2045.1906570904712,HIGH
WQ-00522,2026-09-14 01:00:00,7.688096146697942,257.31202107350026,2.1782663541805634,25.32770522213215,438.81299481955534,LOW
WQ-00523,2026-09-14 02:30:00,7.157757708712289,276.03623317272724,1.2999029571896965,20.69288633839209,448.18415632994953,LOW
WQ-00524,2026-09-14 03:00:00,7.085960670638906,931.1644734260257,4.837513225154485,23.172060433558382,1506.0046359857706,MEDIUM
WQ-00525,2026-09-14 03:15:00,7.336372024035289,194.25251210746336,1.7145540567147493,27.2453767757106,338.46460667230053,LOW
WQ-00526,2026-09-14 03:15:00,7.792875470041735,200.08017190942067,3.0301079788898697,30.19779202604647,348.66151330352096,LOW
WQ-00527,2026-09-14 04:15:00,5.865188661781443,1039.3278086346131,95.08385116994798,32.88184690334512,1527.00528610943,HIGH
WQ-00528,2026-09-14 04:15:00,4.827471749997559,1510.2143953657353,46.35542761616847,24.615475675371403,2500.0,HIGH
WQ-00529,2026-09-14 04:45:00,5.018050968636368,1314.274233847641,28.162178667353306,32.033631134772406,2370.9742780718443,HIGH
WQ-00530,2026-09-14 04:45:00,7.160655127725759,170.31436244269116,0.8965382708873648,32.49615215518163,275.8522323478059,LOW
WQ-00531,2026-09-14 04:45:00,5.9632050219914605,754.3061397485897,27.51954896305599,27.51211405359456,1202.8854944101818,MEDIUM
WQ-00532,2026-09-14 05:00:00,7.207659011759664,633.7122798877865,4.353839476157315,34.309204296968,1263.2866729989614,MEDIUM
WQ-00533,2026-09-14 05:00:00,7.190404325813866,318.09572071134795,2.8053796115453773,21.408847219564507,515.0887097481414,LOW
WQ-00534,2026-09-14 05:00:00,8.680954912519823,917.2958872969932,30.177116062629125,26.789569741818067,1364.8636033056443,MEDIUM
WQ-00535,2026-09-14 05:15:00,6.618028432188291,152.3479982384057,2.679907398556151,26.1684782214394,235.44147038378665,LOW
WQ-00536,2026-09-14 07:30:00,7.491634930419411,302.76929746418165,1.958372160867587,25.390649078920024,401.6638831968233,LOW
WQ-00537,2026-09-14 08:15:00,6.054035232370749,776.7012618452379,27.649406535468145,23.168056599444196,1117.448740242466,MEDIUM
WQ-00538,2026-09-14 08:45:00,7.177969396827795,103.41494356889906,2.38803220824113,21.1666889000429,146.28613834945614,LOW
WQ-00539,2026-09-14 08:45:00,7.463638763003245,321.91000602972196,1.3440637739533492,27.458995410859306,408.5125630402092,LOW
WQ-00540,2026-09-14 09:30:00,4.5,1145.903143964877,85.70907109225057,37.14930487590087,1721.895473911059,HIGH
WQ-00541,2026-09-14 10:00:00,6.636826116788028,1194.61834572066,37.26305364856864,39.07286134873152,1896.8693118299736,HIGH
WQ-00542,2026-09-14 11:00:00,8.327180596705626,909.059604476819,29.75752300449909,36.019652416264336,1339.957084217041,HIGH
WQ-00543,2026-09-14 12:30:00,5.946561701631407,1784.1839046602436,0.2,30.80771661793558,2500.0,MEDIUM
WQ-00544,2026-09-14 13:00:00,6.65980785680551,1357.6141705291984,73.08235942118044,28.13280453461044,2167.1162007653197,HIGH
WQ-00545,2026-09-14 14:30:00,7.86121476190643,122.07945864692928,3.81564011912004,28.72846828572464,210.0702536510049,LOW
WQ-00546,2026-09-14 15:00:00,6.777034874979753,1019.6529409046797,22.298337871266384,30.565346409257934,1583.6093809280871,MEDIUM
WQ-00547,2026-09-14 15:00:00,7.1385679151608326,186.35092481644483,2.8146481382115347,20.56140659466343,320.80494235589305,LOW
WQ-00548,2026-09-14 15:15:00,6.375918618325212,399.913157437652,2.8143666997683194,20.382275170683812,690.9537185812684,LOW
WQ-00549,2026-09-14 15:30:00,7.040990719394974,1349.5745056408018,30.858761467904067,32.95158120813785,2092.9853126798243,MEDIUM
WQ-00550,2026-09-14 15:45:00,6.815123692703327,408.29219046229343,27.471223054393402,26.113626692580002,667.430580768078,MEDIUM
WQ-00551,2026-09-14 16:00:00,6.140487111458879,978.6202938742483,13.913695301274446,26.86785022629651,1940.3643393153804,HIGH
WQ-00552,2026-09-14 16:30:00,7.456968519624962,405.01380130342056,1.5303673839901415,27.75386677648568,760.3514335620467,LOW
WQ-00553,2026-09-14 17:00:00,7.137343839437219,371.8328259690851,3.4396374575335287,26.656630007447625,674.6319042556188,LOW
WQ-00554,2026-09-14 17:30:00,5.871573868884475,2045.7626297274949,66.44246919540446,37.979239490510594,2500.0,HIGH
WQ-00555,2026-09-14 18:00:00,7.672831020248919,138.22158331566828,1.4229869476726282,17.239623627693216,214.34175777649355,LOW
WQ-00556,2026-09-14 19:45:00,6.797727914904271,312.0937156379101,1.3930660221488553,24.886892710274203,492.9328810298826,LOW
WQ-00557,2026-09-14 19:45:00,7.871291878733191,165.02049142369594,1.4898437372965607,26.431409828390223,241.28739127297297,LOW
WQ-00558,2026-09-14 20:15:00,5.851735377661198,949.3436678717234,29.326395664654907,19.367070716561578,1427.223666452663,HIGH
WQ-00559,2026-09-14 20:15:00,6.402973943733553,619.9504656772589,12.00015219189603,23.725521793450138,905.9442083445106,MEDIUM
WQ-00560,2026-09-14 20:30:00,8.342209645549934,758.2197317258024,25.567126390359526,22.797574188355405,1154.9358353384332,MEDIUM
WQ-00561,2026-09-14 21:15:00,7.90730964273909,169.1377972372746,3.0215314916977243,24.075943598709706,267.3773979881682,LOW
WQ-00562,2026-09-14 22:00:00,7.4439217966229485,310.86997521283547,2.10293000467759,29.697488890429224,453.18892449819646,LOW
WQ-00563,2026-09-14 22:30:00,5.459469784498784,1654.273266234469,67.2214013310284,42.13553642798941,2450.1771209850244,HIGH
WQ-00564,2026-09-15 00:00:00,6.50304576997508,960.9003404527806,18.956898305102076,22.92856223463359,1495.41176485783,MEDIUM
WQ-00565,2026-09-15 00:45:00,6.954956485939273,602.9072880278152,19.861443990060856,29.63278625246787,865.9172636295381,MEDIUM
WQ-00566,2026-09-15 01:30:00,6.928142424254699,831.4393245310616,12.227537688681435,29.793989260711577,1734.8662095725165,MEDIUM
WQ-00567,2026-09-15 01:45:00,6.309129070374038,1066.4757364817642,67.37790164764452,32.325754629088486,1769.8720909738315,HIGH
WQ-00568,2026-09-15 02:15:00,7.3861253686621176,308.2708181025042,1.3568275083232426,25.39642872158732,512.3734733594767,LOW
WQ-00569,2026-09-15 03:15:00,7.303531200632699,336.0366367535466,2.5847489994865653,25.06309875857965,487.6025342264218,LOW
WQ-00570,2026-09-15 03:15:00,5.81851594826999,1132.4048289267944,21.28683932874065,35.4378506040321,1585.371231650455,HIGH
WQ-00571,2026-09-15 03:30:00,7.167570166027626,162.03025225246816,1.0419386305771712,27.858632800288202,304.00285927931617,LOW
WQ-00572,2026-09-15 04:15:00,7.314624053986847,308.9774135299979,31.599730835886945,23.6390766144104,438.47105762841,MEDIUM
WQ-00573,2026-09-15 05:45:00,5.873749276836662,511.2683824113881,35.828722390407336,30.978605404402746,930.0637128342447,HIGH
WQ-00574,2026-09-15 06:30:00,6.2104444884607215,1890.2182516712392,49.43646593795857,35.35424024706872,2500.0,HIGH
WQ-00575,2026-09-15 07:00:00,5.580246071229157,1197.5231230584668,22.79869248992948,31.889803722910735,1976.2971170037963,HIGH
WQ-00576,2026-09-15 07:15:00,6.983512822048584,734.8405839816753,25.053282873486918,32.65712185251365,1222.8844662775325,MEDIUM
WQ-00577,2026-09-15 07:45:00,6.011366818933182,1974.2109115057688,41.78549130492001,31.128444205794224,2500.0,HIGH
WQ-00578,2026-09-15 08:00:00,8.008045248731001,1178.335188007432,56.54046402244182,28.002338605381254,1788.0854015727234,HIGH
WQ-00579,2026-09-15 08:00:00,6.906583154190254,1359.2905143295188,51.27272450952999,30.72744326806226,2057.1493226750213,HIGH
WQ-00580,2026-09-15 08:30:00,6.809688575400255,203.59372180424236,1.7813126682269993,16.936145699701157,297.9816435083565,LOW
WQ-00581,2026-09-15 08:45:00,7.403421008710274,870.9377331811124,36.20027917787104,26.59800803047063,1466.243208364658,HIGH
WQ-00583,2026-09-15 11:00:00,7.14035163288011,374.00425531876476,2.3037521720192076,19.84743207632605,605.0141730313555,LOW
WQ-00584,2026-09-15 12:00:00,7.541218559048205,268.0220681813504,4.39387134414918,29.01906399658833,371.59240491389215,LOW
WQ-00585,2026-09-15 12:00:00,5.908252580269866,1625.8910325548736,42.44361574408541,33.02524511120674,2500.0,HIGH
WQ-00586,2026-09-15 14:45:00,7.569641862242217,1157.2394239954376,4.666989553519212,26.850844595277263,2057.009768415257,MEDIUM
WQ-00587,2026-09-15 16:00:00,7.0514704723189725,124.7291599078023,1.7644902391483426,22.023188271141507,201.0682494422055,LOW
WQ-00588,2026-09-15 16:00:00,7.121474051333887,297.9375703226639,3.7999698450549406,25.036593546200592,536.9543011859755,LOW
WQ-00589,2026-09-15 16:15:00,7.104633097903351,203.48881208045498,2.6136765559528485,27.470026326611297,336.6229114939031,LOW
WQ-00590,2026-09-15 20:45:00,7.145462563240232,30.0,1.2772582795362306,21.105619547585707,48.98475280488614,MEDIUM
WQ-00591,2026-09-15 21:15:00,7.499191555547814,541.2955740453914,29.924658242061472,29.97102976634034,932.4020079891475,MEDIUM
WQ-00592,2026-09-15 21:45:00,7.371597220207728,676.0141254658892,16.402997288501865,31.34033249425586,1083.5849547795965,MEDIUM
WQ-00593,2026-09-15 21:45:00,8.169474779305432,277.81009057333233,2.597317672459396,17.223996048205546,422.4034595043983,LOW
WQ-00594,2026-09-15 22:00:00,8.600733152924441,925.0359043748653,35.38196132938653,26.712151187972978,1526.9053125492962,HIGH
WQ-00595,2026-09-15 23:15:00,6.936177335630448,246.59300364580974,3.3576653140790884,22.497480203083615,415.9742652153827,LOW
WQ-00596,2026-09-15 23:45:00,7.43168860729728,405.5849134418023,2.7016134003200416,23.53159549785738,664.834332097957,LOW
WQ-00597,2026-09-16 00:15:00,6.017849762517425,620.8002847308412,8.683552399425167,24.491857218140485,1002.0118761130124,MEDIUM
WQ-00598,2026-09-16 00:15:00,6.3167955541888,893.9646620795808,8.720674860065587,27.68812302603648,1733.8981918248878,MEDIUM
WQ-00599,2026-09-16 01:00:00,5.769917489744331,1465.68549866925,56.73154446670279,41.54176332253631,2262.9316152938864,HIGH
WQ-00600,2026-09-16 01:30:00,6.107133844396294,738.0199143615662,8.545289020671056,25.380387630357244,1244.679067321428,MEDIUM
WQ-00601,2026-09-16 02:00:00,6.11108454532619,906.231883918247,19.74432978931396,28.458555045470533,1302.6335617023162,MEDIUM
WQ-00602,2026-09-16 02:30:00,6.255715621479745,742.019253047949,51.691309816095895,41.96847851045467,1132.0532462872934,HIGH
WQ-00603,2026-09-16 03:30:00,5.183281581613594,1885.7643625645105,19.972932102020845,26.699906529764668,2500.0,HIGH
WQ-00604,2026-09-16 05:00:00,7.531595219353225,750.0447984433046,11.757376656411365,36.07337674464485,1340.9466579780888,MEDIUM
WQ-00605,2026-09-16 05:15:00,5.482246462582486,2121.932062615831,42.92933657950799,30.031938039762643,2500.0,HIGH
WQ-00606,2026-09-16 05:30:00,9.209568970096392,1337.6597569113671,56.080306325529186,40.69137735518956,2452.385459026525,HIGH
WQ-00607,2026-09-16 06:15:00,5.948615549035605,1740.6603548516896,68.35341294910265,34.50120674967791,2500.0,HIGH
WQ-00608,2026-09-16 06:15:00,7.432407938862674,225.2027417907961,2.867758778247607,25.074879269038476,323.97383545841313,LOW
WQ-00609,2026-09-16 06:30:00,5.928494111650474,893.2363569026834,22.736565949921946,26.671846590567068,1259.4107421623135,HIGH
WQ-00610,2026-09-16 06:45:00,8.17956881859573,771.5135466911584,14.538052464429507,23.879792800603948,1399.9215104278521,MEDIUM
WQ-00611,2026-09-16 07:15:00,7.739625510602187,926.2072644605811,11.290930041554809,27.378957749821765,1563.2101999887407,MEDIUM
WQ-00612,2026-09-16 08:15:00,7.1226869030520845,969.9597127710904,16.891229116708523,31.48680729510012,1576.0727550562895,MEDIUM
WQ-00613,2026-09-16 08:45:00,5.053197451220434,1051.9817666122317,54.01858286957248,29.921331414019978,1605.7447965824344,HIGH
WQ-00614,2026-09-16 09:00:00,6.61066687772462,1302.483121973244,52.40572154580154,28.100263169628853,2500.0,HIGH
WQ-00615,2026-09-16 10:00:00,6.895356029292236,175.09110205485976,0.2,23.122261130377794,334.25814915419886,LOW
WQ-00616,2026-09-16 11:00:00,7.996766447605021,1405.9260953152645,14.14322971732497,31.962383067915265,2165.036433698024,MEDIUM
WQ-00617,2026-09-16 13:45:00,7.50689604888988,880.2592306194439,34.04507551606156,33.12580727549928,1749.8176756925673,MEDIUM
WQ-00618,2026-09-16 14:45:00,7.442947567319481,369.0708936526903,2.2871365525845535,21.664973201810703,622.1776369575904,LOW
WQ-00619,2026-09-16 15:00:00,6.303630951538706,212.39399022730805,0.6412901955867156,21.659942498933788,337.28027109567927,LOW
WQ-00620,2026-09-16 15:00:00,6.957462809603436,253.3358877381417,4.791403299757967,25.327756218834892,392.8053836930304,LOW
WQ-00621,2026-09-16 15:15:00,7.087761131599873,847.8816527747977,44.363281889075175,39.16519238854353,1386.5673448093166,HIGH
WQ-00622,2026-09-16 18:00:00,7.809662768792367,801.6440297890698,25.84333959313408,32.7299515415628,1340.4194767531421,MEDIUM
WQ-00623,2026-09-16 19:00:00,7.509169811492132,1430.0031748999138,53.78954463299296,22.48888672692053,2132.1873793793116,HIGH
WQ-00624,2026-09-16 19:00:00,5.705990248318908,1248.9208428111706,18.32404533839814,25.67962015004069,1960.2835070909784,HIGH
WQ-00625,2026-09-16 20:15:00,6.701552306812904,1434.353455516983,28.993378999929327,24.416378671862926,2468.0063266145858,MEDIUM
WQ-00626,2026-09-16 20:15:00,7.661636412362197,1204.4184794624598,43.216749850659404,25.662437390423708,1935.5445462032935,HIGH
WQ-00627,2026-09-16 20:30:00,4.741664434417755,1593.4770618771097,67.07052913159052,39.626459976212125,2478.2293839035774,HIGH
WQ-00628,2026-09-16 20:30:00,7.396442968082044,376.46612055182175,3.1041309212195443,19.02089772925944,520.6321701885272,LOW
WQ-00629,2026-09-16 21:00:00,7.105381798731343,887.0107121928878,27.762891917182106,18.90567353359905,1329.4935147479057,MEDIUM
WQ-00630,2026-09-16 21:15:00,6.099235415153266,2258.284630047686,22.92701741204294,25.028675079398386,2500.0,HIGH
WQ-00631,2026-09-16 21:45:00,4.547838144598799,1165.5494428926334,73.10566421828602,31.723863615455958,1997.9812425050377,HIGH
WQ-00632,2026-09-16 22:45:00,6.0743018899262715,1058.7445030048857,26.451081523741514,33.72452892384454,1798.906220057215,HIGH
WQ-00633,2026-09-16 23:00:00,7.25271255638524,121.09524352798692,2.5116154779657105,25.531069522015365,199.867635622862,LOW
WQ-00634,2026-09-16 23:15:00,7.333367417953511,439.7922204402263,0.3966711039889743,28.114898911308558,719.3368486309098,LOW
WQ-00635,2026-09-16 23:30:00,7.146437858558719,303.7502815356108,0.2,17.829200420181248,542.8779927046878,LOW
WQ-00636,2026-09-17 01:30:00,7.20064453104134,199.92913399577225,2.5501203229184264,28.15917788425628,287.27265652091063,LOW
WQ-00637,2026-09-17 02:00:00,6.870220288239767,1174.7849933121688,13.909007328050919,25.439523399768543,1745.5914950805418,MEDIUM
WQ-00638,2026-09-17 02:00:00,7.231840953727284,1051.292280725912,2.108324287027269,30.657471549024336,1747.3215011193715,MEDIUM
WQ-00639,2026-09-17 02:15:00,6.095573237143333,2097.1284391227246,56.893409064835666,22.059447439420772,2500.0,HIGH
WQ-00640,2026-09-17 02:30:00,5.9903510716319985,761.8235235588337,91.64177696311737,30.02974018205442,1202.802110543342,HIGH
WQ-00641,2026-09-17 02:30:00,6.969265528690844,841.620776170864,35.89560258580062,28.18135385294507,1269.049870653606,HIGH
WQ-00642,2026-09-17 02:45:00,4.5,1174.2418741017264,39.3390065241552,36.93450622499051,2177.1766423756044,HIGH
WQ-00643,2026-09-17 03:30:00,7.614665807251907,52.36855912322585,2.2097298373666403,18.45160882087282,85.67308570925582,LOW
WQ-00644,2026-09-17 04:30:00,7.399746606294669,325.42944843017244,3.176476882462305,24.107633919872164,527.8509515501145,LOW
WQ-00645,2026-09-17 04:45:00,6.929770144948172,840.5127577232612,33.22128019834907,21.573823544289283,1278.5048253310883,MEDIUM
WQ-00646,2026-09-17 05:00:00,7.3607343075944645,1631.0598578948936,37.44221418583463,33.03297626524965,2500.0,HIGH
WQ-00647,2026-09-17 05:00:00,6.521233011478289,442.37947408966505,2.237595487297032,26.720257877596442,941.2245996548858,LOW
WQ-00648,2026-09-17 05:30:00,5.419624597605777,822.2863877979262,25.006148067645363,33.43585121254044,1481.33548077195,HIGH
WQ-00649,2026-09-17 05:45:00,7.10535288399264,807.3463438154258,27.538763202788317,24.324852728458126,1309.9103015122307,MEDIUM
WQ-00650,2026-09-17 06:00:00,7.396797415192168,240.67977527515964,2.0536159137876067,27.245292699910767,385.80798807177706,LOW
WQ-00651,2026-09-17 06:15:00,7.027632707393949,1117.1944176563502,20.799147549312558,33.80450793738527,1549.4533368338812,MEDIUM
WQ-00652,2026-09-17 06:30:00,5.937872924827555,1134.649050382143,75.35631125459653,20.140518180867197,1732.381761392567,HIGH
WQ-00653,2026-09-17 07:30:00,7.398265255679949,761.1884486309312,34.09520702442886,30.06172460049225,1218.1123647690872,MEDIUM
WQ-00654,2026-09-17 07:30:00,7.819687479346005,325.1470343217229,2.7251516307796972,27.354789388230373,526.0797710485675,LOW
WQ-00655,2026-09-17 07:30:00,6.883982293951528,1493.8829430584535,82.82039954050443,28.447641681675375,2176.8754241229713,HIGH
WQ-00656,2026-09-17 08:15:00,7.282627193717938,45.974456329566124,1.7749096615509414,19.76229247866212,78.6434784640404,LOW
WQ-00657,2026-09-17 08:30:00,4.5,884.3511162017389,80.70541586984638,35.657734536657976,1446.0034952348392,HIGH
WQ-00658,2026-09-17 09:45:00,7.746156293616708,365.1112277444489,2.7967669878891055,19.801719103547853,658.2797076756934,LOW
WQ-00659,2026-09-17 09:45:00,7.816296499663195,988.4242222773388,54.710261222145895,26.108242827445487,1401.7530193562138,HIGH
WQ-00660,2026-09-17 10:45:00,7.690051285392792,161.40236620664757,0.8882698805392746,23.859565797688347,250.80006557789056,LOW
WQ-00661,2026-09-17 10:45:00,7.004160907684622,214.6631308488516,1.4417202225609245,26.504383180964,371.67976862272184,LOW
WQ-00662,2026-09-17 11:30:00,7.073794393667758,1355.0299356646346,54.21355222041205,26.240210642924804,2210.010878612165,HIGH
WQ-00663,2026-09-17 12:00:00,7.787238368582651,296.21600242521475,2.6369574582768913,21.603957089102508,455.3113174194484,LOW
WQ-00664,2026-09-17 12:30:00,8.10146731150959,107.75629446270895,4.3451528825925205,24.346204175670888,178.12227723137568,LOW
WQ-00665,2026-09-17 12:30:00,7.0057505340974195,154.31457751965877,1.4647878483705128,27.522366671669122,262.47021731180604,LOW
WQ-00666,2026-09-17 13:45:00,6.7301590615918965,960.0502660699456,31.049185186938843,38.43725000326573,1653.1397006335112,MEDIUM
WQ-00667,2026-09-17 14:00:00,7.147272051143456,1312.0628594117288,70.57418610300391,20.955112801327353,2049.0169965297823,HIGH
WQ-00668,2026-09-17 14:00:00,6.457410071438158,1567.3064894019499,60.502252308854246,31.89205210671947,2500.0,HIGH
WQ-00669,2026-09-17 14:45:00,6.897202579076927,119.3443342376362,1.142904023883248,20.197127408179977,201.3317492688373,LOW
WQ-00670,2026-09-17 14:45:00,7.210962213770028,978.5683087796906,36.077588052541984,32.094056216033714,1812.713073191069,HIGH
WQ-00671,2026-09-17 15:00:00,7.660397735216826,328.24252574397246,3.5522574244469554,20.715094084417686,525.475215841055,LOW
WQ-00672,2026-09-17 17:15:00,6.965972172248252,1007.1000803728424,27.995845197903776,23.62675890908838,1653.3510288902917,MEDIUM
WQ-00673,2026-09-17 19:15:00,6.619584927179945,1402.8624611094049,49.495649118596994,26.46437484561602,2335.3752194801855,HIGH
WQ-00674,2026-09-17 21:15:00,6.705970573735703,878.9056074354864,24.261080100443714,26.61900530640098,1390.8357509135633,MEDIUM
WQ-00675,2026-09-17 21:30:00,8.008709201787045,716.3327463902697,21.212642077606223,28.615987984293536,1077.3862954515566,MEDIUM
WQ-00676,2026-09-17 22:30:00,6.994688517329296,223.52012668041903,2.904863647677906,25.6929548776298,337.5957958847105,LOW
WQ-00677,2026-09-17 23:00:00,5.812679237236221,1828.6882240945542,45.68496676478951,29.9653947229033,2500.0,HIGH
WQ-00678,2026-09-18 00:15:00,6.908239135145645,873.8137285479725,13.514750246473588,20.350544887797092,1442.9850737648103,MEDIUM
WQ-00679,2026-09-18 01:15:00,7.795529312465402,149.9176409586431,1.046549190689649,26.547251526085663,255.8408399853095,LOW
WQ-00680,2026-09-18 01:45:00,6.726182073457458,185.69776201111523,1.3727601209824787,23.814644677179402,333.17079743835717,LOW
WQ-00681,2026-09-18 02:00:00,6.810366462605552,248.0765267548337,2.444345466804397,28.066071765051447,424.49011482137587,LOW
WQ-00682,2026-09-18 02:15:00,6.483022171519377,196.38374025372377,2.170348579921272,21.52291427182022,316.14677645106576,LOW
WQ-00683,2026-09-18 02:15:00,7.414712851363972,273.6772954756827,2.4368781726176243,18.39203845427152,477.76952986545314,LOW
WQ-00685,2026-09-18 03:30:00,6.611587417486563,1095.5762996890226,15.72679074083121,33.479763441421326,1949.1722261575321,MEDIUM
WQ-00686,2026-09-18 03:45:00,7.697620185451269,358.1203525038529,3.812226185179883,24.563297478156176,688.2423368646025,LOW
WQ-00687,2026-09-18 03:45:00,6.418842959412865,1119.0889193619194,19.322891729525256,26.001651004135717,1672.3677681131974,HIGH
WQ-00688,2026-09-18 04:00:00,6.631282022743365,994.9891556237753,35.4646063348068,24.7779178940554,1682.0457734240708,HIGH
WQ-00689,2026-09-18 04:15:00,6.100662092248278,1006.6569103010165,55.61249722131395,40.546598800084936,1766.7529181735188,HIGH
WQ-00690,2026-09-18 04:15:00,7.404085736322328,883.3302751788386,3.6348979762492704,21.851987025576104,1593.3971810760024,MEDIUM
WQ-00691,2026-09-18 05:00:00,7.613807630306605,189.39421784845268,1.3304121053047888,21.46112009830116,293.4605727146077,LOW
WQ-00692,2026-09-18 05:00:00,5.70806630382539,917.4358437548417,66.58360157122033,33.42020517650414,1305.968790478854,HIGH
WQ-00693,2026-09-18 05:00:00,7.324106710969796,190.24773852443053,0.2888358780316782,17.503927585396237,319.3064240576944,LOW
WQ-00694,2026-09-18 05:15:00,7.869684528974223,187.29383597428648,3.429331616626472,28.461067328834687,308.5229201351479,LOW
WQ-00695,2026-09-18 05:45:00,6.7933768702540975,1094.6978588907418,78.24500445990097,33.74515868530413,1599.7387135984293,HIGH
WQ-00696,2026-09-18 06:15:00,5.852278456686651,830.5263130458987,18.305446621762517,31.49615535905555,1624.1097876702058,HIGH
WQ-00697,2026-09-18 06:15:00,7.391713545878537,1159.2591870700328,24.9181276742631,29.79058505974827,1570.7861129825076,HIGH
WQ-00698,2026-09-18 06:30:00,6.0865420331728215,943.8323690748326,33.190870848510265,26.19438241271815,1231.1188563468027,HIGH
WQ-00699,2026-09-18 07:15:00,7.959384802470755,1443.7979967322033,17.332108119564804,21.684256449222886,2500.0,MEDIUM
WQ-00700,2026-09-18 07:30:00,7.860844477928461,245.34573674176843,3.1545530725788,23.50973595571264,399.4884216179434,LOW
WQ-00701,2026-09-18 07:45:00,7.530448464163281,203.89408034564735,1.4617363253562612,20.58667290886578,353.4531030763848,LOW
WQ-00702,2026-09-18 08:00:00,7.470754779546287,230.37195943893795,1.6746374773335029,25.70154358526734,381.3387476959036,LOW
WQ-00703,2026-09-18 10:15:00,7.305935484787661,253.0842780599186,1.320729889242529,26.823729406918357,425.42544739584577,LOW
WQ-00704,2026-09-18 11:30:00,7.078523951400029,1515.396503725004,52.53823838228568,38.86085178718925,2266.164103163824,HIGH
WQ-00705,2026-09-18 12:00:00,7.233149823742073,416.90401932731214,3.4737659578221045,25.30118674193502,679.8318317590514,LOW
WQ-00706,2026-09-18 12:00:00,7.076677402979921,714.0294977049349,20.158870678828357,31.62287678297593,1262.9965444091085,MEDIUM
WQ-00707,2026-09-18 12:30:00,7.271934366519451,1676.4375021075396,17.03251848192713,28.217131576619146,2500.0,HIGH
WQ-00708,2026-09-18 12:30:00,5.838193456474411,1428.945227093367,21.180449909690054,27.13033717195083,2195.3812383174773,HIGH
WQ-00709,2026-09-18 15:45:00,6.43785544500698,554.3584966344641,25.945994213705404,29.368359454084008,1009.8032869173504,MEDIUM
WQ-00710,2026-09-18 15:45:00,6.004225889456656,1069.553732060848,40.44116413394269,25.067635636415456,2051.996208644141,HIGH
WQ-00711,2026-09-18 16:00:00,5.335527253873828,1831.6969531054838,53.661949984916745,31.615114732965946,2476.723510341767,HIGH
WQ-00712,2026-09-18 16:00:00,5.528703516418874,711.4211911689655,18.131034493487473,21.694039053322896,1223.5201799597312,MEDIUM
WQ-00713,2026-09-18 16:30:00,7.12982878901553,1346.6051302010512,61.85604727070625,24.710233905142193,2201.2026381139617,HIGH
WQ-00714,2026-09-18 17:45:00,8.208914542082772,694.3653804370726,39.731030017091584,33.81245580610974,1164.7840736008138,HIGH
WQ-00715,2026-09-18 20:15:00,7.825328943470306,871.6535453199522,36.67772521798746,35.320140452436576,1335.0792179360808,HIGH
WQ-00716,2026-09-18 21:00:00,6.668261980118068,324.3226619855527,1.1456949837352102,20.550203408616618,446.4994767743448,LOW
WQ-00717,2026-09-18 22:30:00,7.4436410036671505,797.3883686783644,36.08448844246356,30.353071552532104,1217.7660393953613,HIGH
WQ-00718,2026-09-18 23:30:00,8.0399478574656,130.20773225557647,0.2,22.135425144376537,246.18680693865306,LOW
WQ-00719,2026-09-18 23:45:00,6.557392514446002,950.4812801808546,29.978592002792695,27.08252588100155,1770.1400274995365,MEDIUM
WQ-00720,2026-09-18 23:45:00,6.50144743065005,1151.4832760562113,34.797611368454184,38.50166649474388,1931.8175908425758,HIGH
WQ-00721,2026-09-19 00:00:00,5.3940802118964974,796.4192352893821,17.896592685483874,31.03743617011474,1318.7801159488563,HIGH
WQ-00722,2026-09-19 00:00:00,7.100052125982481,1062.6517256484788,38.92315156117812,30.979359940110964,2056.680561024047,HIGH
WQ-00723,2026-09-19 02:15:00,6.921398121754377,125.4439976959088,1.4144557985799437,30.680766254599384,187.4647503735913,LOW
WQ-00724,2026-09-19 02:15:00,6.599635017911515,1005.9612191809038,30.038478611374977,25.776723953701214,1813.1282746997674,HIGH
WQ-00725,2026-09-19 02:30:00,6.697458685015004,243.8671992933982,2.056566337188517,20.54943758752609,343.66946789887027,LOW
WQ-00726,2026-09-19 02:30:00,7.644286201014919,317.2468811673385,2.6552321243934625,21.472572054199933,435.0389041465029,LOW
WQ-00727,2026-09-19 03:30:00,7.861030703942011,341.4344271340865,1.7139586394778439,23.10924631307685,564.2566938510964,LOW
WQ-00729,2026-09-19 05:15:00,6.047308063942174,1106.2229327223226,13.343018191182345,25.962858816515947,2025.7407666638328,MEDIUM
WQ-00730,2026-09-19 05:45:00,5.282982718087514,727.48869543651,34.81333856464519,24.27714634052544,1106.5803505749618,HIGH
WQ-00731,2026-09-19 06:00:00,7.280113909666171,394.358841221612,2.2822544680490626,26.743159185892296,668.2819711386377,LOW
WQ-00732,2026-09-19 06:15:00,7.1382827295732785,127.96060771222444,2.6961960120742043,25.23346782653514,230.65695307303466,LOW
WQ-00733,2026-09-19 09:15:00,6.702041264443376,349.5630929712558,1.9124366721096588,21.89756180280732,580.0530176684655,LOW
WQ-00734,2026-09-19 10:00:00,7.603858440340478,170.91625038631486,1.4745525342094035,26.064862958770163,288.68300392690463,LOW
WQ-00735,2026-09-19 11:30:00,7.197513328160908,411.19218093151403,4.045326394862952,26.531420709383195,684.7605830227164,LOW
WQ-00736,2026-09-19 11:30:00,6.093198031016076,1030.0905603475467,20.118081429489195,23.157271051042947,1521.5949539780079,HIGH
WQ-00737,2026-09-19 12:45:00,7.150442417461799,138.55851235326003,1.7122931325201605,22.274415106161534,241.8624123914728,LOW
WQ-00738,2026-09-19 13:15:00,7.882087042518328,182.99853684117437,3.405756602990874,16.21122884515706,252.72502152199075,LOW
WQ-00739,2026-09-19 13:30:00,7.671321624689851,300.30630847013674,1.4054036052458763,20.182690089707503,555.6120193025115,LOW
WQ-00740,2026-09-19 14:15:00,6.802480453876133,1131.5817718754236,16.052726562260034,23.287652197882107,1578.3805604494028,MEDIUM
WQ-00741,2026-09-19 14:45:00,7.678597258309184,223.63559674479836,2.211271352418588,24.259581618121075,400.05697877832665,LOW
WQ-00742,2026-09-19 15:15:00,6.877589619625968,234.01924528671196,2.200297114496998,20.691160622240645,377.4874100617326,LOW
WQ-00743,2026-09-19 15:45:00,6.432370100727031,1638.174152404745,50.711449653870716,26.919288077705346,2500.0,HIGH
WQ-00744,2026-09-19 16:15:00,7.466295048718912,241.8618584309738,4.500835998335037,19.711342614460904,403.52257274664237,LOW
WQ-00745,2026-09-19 16:15:00,6.547622618625955,615.4289309455573,25.362482463523705,27.855569492656354,921.1884950817471,MEDIUM
WQ-00746,2026-09-19 16:45:00,7.226593751968064,721.1457145791603,0.2,29.128572972924538,1015.7130563917272,MEDIUM
WQ-00747,2026-09-19 16:45:00,7.048804945409997,251.16079488364986,2.558928837774717,25.40827871946938,363.2475542611211,LOW
WQ-00748,2026-09-19 17:00:00,7.282365530832089,1167.4061316294926,22.378799944895988,27.061805659526296,1959.6931995258224,HIGH
WQ-00749,2026-09-19 17:30:00,6.951858771531292,1964.0733211815782,45.95590053573207,20.753562020991634,2500.0,HIGH
WQ-00750,2026-09-19 17:45:00,4.5,1646.2211798931512,50.410840806715754,26.280278016642896,2500.0,HIGH
WQ-00751,2026-09-19 18:00:00,7.935637566579553,255.85616849327275,2.1684538835577207,22.574426646885303,456.47275958049187,LOW
WQ-00752,2026-09-19 21:30:00,6.028565345591261,297.3932497384229,2.1421266976390725,22.58846640477781,539.5163456062135,MEDIUM
WQ-00753,2026-09-19 22:45:00,7.122777938499744,169.99242348138299,2.874348630747865,24.262434262964426,286.30514993079225,LOW
WQ-00754,2026-09-19 23:15:00,7.669011025693317,866.2891887431929,16.57919202805499,34.127706861855096,1364.2857805718263,MEDIUM
WQ-00755,2026-09-19 23:15:00,6.66203495606067,718.6912413053151,12.523136643608243,31.060481063422998,1422.3311175251004,MEDIUM
WQ-00756,2026-09-20 00:15:00,6.740216307888707,117.61316503630596,5.5261595978846305,20.54368777052957,190.55344597084243,LOW
WQ-00757,2026-09-20 01:00:00,6.907818322227499,260.0194110472585,1.4125568118406435,26.374410063538217,365.72923894497,LOW
WQ-00758,2026-09-20 01:00:00,7.42690574632062,1420.4950565022025,47.20314407412168,33.84181420599442,2066.7317760059723,HIGH
WQ-00759,2026-09-20 01:00:00,6.535322961253113,291.88872360581115,0.554773724037096,21.178763844669522,499.04981262981653,LOW
WQ-00760,2026-09-20 01:30:00,7.746743325721513,1020.1446027963384,23.16468415051422,31.244329613177193,1902.5888595497313,MEDIUM
WQ-00761,2026-09-20 02:30:00,6.858673425718283,953.3817396912497,12.66774449310665,26.198116820273682,1472.2000139912618,MEDIUM
WQ-00762,2026-09-20 03:30:00,6.863422101300905,280.09549991097987,1.713279762864988,19.065162784949443,582.3744522220888,LOW
WQ-00763,2026-09-20 03:45:00,7.13759821746379,226.1585213395271,3.3495711323482364,25.593209536229995,329.38461336367806,LOW
WQ-00764,2026-09-20 05:45:00,6.942249046504262,267.16022557001605,2.7192105252158814,24.759366382650835,439.99824511096176,LOW
WQ-00765,2026-09-20 06:15:00,7.266225200858529,1074.0651269791833,57.50500954064602,28.633934224885035,1471.5679862581103,HIGH
WQ-00766,2026-09-20 06:15:00,7.7295925143932775,263.2735333075217,0.2516746777689509,23.86891420255845,509.8425142187795,LOW
WQ-00767,2026-09-20 08:00:00,6.62637748975578,290.15759167574083,4.220584686811915,21.48320082389038,429.8065722024352,LOW
WQ-00768,2026-09-20 10:15:00,7.2183835466663,169.72867147350172,0.8889305579639375,26.135456763289884,276.44480682604257,LOW
WQ-00769,2026-09-20 10:30:00,7.011566451945075,234.6648889093562,3.8814168957232518,23.84792277921876,391.0188863181131,LOW
WQ-00770,2026-09-20 10:30:00,7.870132476344528,762.8074478815408,32.215438659814865,27.83224421974114,1418.3602203766623,MEDIUM
WQ-00771,2026-09-20 10:45:00,6.792455396843111,182.61439731354966,2.8350660159631484,25.249996735501053,278.48391110931254,LOW
WQ-00772,2026-09-20 11:15:00,8.10317182851376,652.515541877526,13.450152190916185,21.227071927868376,987.809433327497,MEDIUM
WQ-00773,2026-09-20 12:00:00,6.875028945362297,1178.4704835366422,23.51589844819523,22.52858489058974,1620.7647576967481,MEDIUM
WQ-00774,2026-09-20 12:15:00,5.238065593619913,1754.9603663936182,34.639728965813084,16.740333242302746,2500.0,HIGH
WQ-00775,2026-09-20 13:00:00,7.095226617195825,278.36904688046036,2.231943528655821,25.976597904716424,476.36055720966897,LOW
WQ-00776,2026-09-20 14:00:00,5.5983811592315496,2099.434461738649,39.50281030011768,22.7267398575194,2500.0,HIGH
WQ-00777,2026-09-20 14:45:00,5.944036198488371,858.3659467549538,1.613894934275919,27.662848549478262,1595.8004917949813,MEDIUM
WQ-00778,2026-09-20 14:45:00,7.4426720868786695,502.85861735995707,3.4339625660830473,25.298458787288435,709.8577912278025,LOW
WQ-00779,2026-09-20 15:30:00,5.172084449308157,1263.5388221619762,43.21564255591405,33.61411703335512,2203.9382349630237,HIGH
WQ-00780,2026-09-20 15:45:00,4.5,1446.9734736672863,34.334391210950784,22.775898516983645,2041.4014085451154,HIGH
WQ-00781,2026-09-20 16:00:00,7.229145588118323,194.19998774538126,1.5836400438872555,23.77193433650758,298.0793542774559,LOW
WQ-00782,2026-09-20 16:00:00,4.597143803582117,1491.483712822916,52.886110680068896,40.021682524726494,2331.1930242700173,HIGH
WQ-00783,2026-09-20 16:15:00,6.33587934894936,1083.8352841349738,13.062436617055278,35.57157339992158,1801.624138200688,MEDIUM
WQ-00784,2026-09-20 17:15:00,6.2181728335474835,874.9383935283215,0.2,31.936615470134754,1326.3869632296955,MEDIUM
WQ-00785,2026-09-20 17:45:00,5.528783927974186,2025.1535419046959,53.95685567058207,32.024958832913036,2500.0,HIGH
WQ-00786,2026-09-20 18:30:00,8.300433395715569,251.52343561701147,2.771013297752504,20.482127639041178,420.7152505861512,LOW
WQ-00787,2026-09-20 18:30:00,6.456411567169571,1452.7844467218756,40.60809985709208,34.31172975234632,2195.333377998915,HIGH
WQ-00788,2026-09-20 18:45:00,7.5104169540478996,148.19020749376543,0.9373068372909903,23.446925699386057,242.39368270879547,LOW
WQ-00789,2026-09-20 19:00:00,4.623601703657705,1509.029648329146,46.95658189956428,33.363169651637065,2500.0,HIGH
WQ-00790,2026-09-20 19:45:00,6.409527649772309,870.5140114219396,7.354676316864113,23.835782725739417,1327.0240911740145,MEDIUM
WQ-00791,2026-09-20 20:15:00,7.496886183473681,175.25842435964418,1.0700463436435748,23.394734105060248,284.43615222697866,LOW
WQ-00792,2026-09-20 21:00:00,6.131603315315246,729.17563020736,14.493020634958388,27.820736800382125,1122.9582243348016,MEDIUM
WQ-00793,2026-09-20 21:30:00,7.808628279583094,470.4587041781017,3.128332977980712,24.861973320228504,793.6635917720213,LOW
WQ-00794,2026-09-20 21:30:00,6.858786536344537,206.28704748388682,1.8011279545193912,25.72802950061087,376.81253430632756,LOW
WQ-00795,2026-09-20 21:45:00,7.271135238860671,98.87131212968589,1.7073469470458935,21.97281755416285,136.54288936108503,LOW
WQ-00796,2026-09-20 22:15:00,7.136276762010999,167.16006862406846,4.350161766952372,19.29850441761429,234.51297154549695,LOW
WQ-00797,2026-09-20 23:30:00,7.473944296721863,225.35889444714078,2.5877087469075857,29.686747639649283,334.8437161377486,LOW
WQ-00798,2026-09-21 00:45:00,7.111779467665059,279.20003293548365,2.572893961522309,32.712389591581754,467.88228703224365,LOW
WQ-00799,2026-09-21 01:15:00,6.696829779696797,1022.055234779569,18.30299254791225,29.237103556011892,1697.819977492823,MEDIUM
WQ-00800,2026-09-21 02:15:00,6.722902431166511,1048.8552013908356,16.036283323632222,20.38003952634945,1492.098512631211,HIGH
WQ-00802,2026-09-21 03:00:00,7.618292240823701,260.63963991513907,3.265614585115914,25.781911491678393,447.7985490848553,LOW
WQ-00803,2026-09-21 03:15:00,6.638388374837426,1017.0974036379802,54.86281352664034,38.04669367008772,1388.8434673018664,HIGH
WQ-00804,2026-09-21 03:30:00,6.833539541060125,763.6785437369174,20.208340067865866,20.935546827290718,1237.449138871461,MEDIUM
WQ-00805,2026-09-21 04:00:00,7.20629374994212,147.40619229497665,2.049050627980119,23.564835127028847,203.00932618399693,LOW
WQ-00806,2026-09-21 04:30:00,7.758444813733999,123.04500308615575,3.0097586884871608,24.68576222555389,229.52025698107275,LOW
WQ-00807,2026-09-21 05:45:00,6.723124317139364,1134.126087548762,6.452899269201469,31.322892256429373,1741.885428627914,MEDIUM
WQ-00808,2026-09-21 05:45:00,7.261986220478328,291.9750530880999,1.551130535290814,22.797396169598674,392.29988024122315,LOW
WQ-00809,2026-09-21 06:15:00,6.9785175224160945,1114.8663813951885,10.636971371074695,19.180926543390378,1793.0093220074007,MEDIUM
WQ-00810,2026-09-21 06:30:00,8.096586682970852,1364.9389650892326,83.97320421470842,33.72718535671741,2259.2352589291254,HIGH
WQ-00811,2026-09-21 07:45:00,6.796839706390458,299.91269289786317,3.163221085038631,27.936785878099332,545.3603710343846,LOW
WQ-00813,2026-09-21 07:45:00,4.506828838761895,1677.973256857235,11.697244213920534,32.43144054783859,2500.0,HIGH
WQ-00814,2026-09-21 10:00:00,7.0629548686714685,938.9663626011067,20.67654326642514,24.627543852864648,1528.485765499375,MEDIUM
WQ-00815,2026-09-21 10:30:00,8.108787272423928,286.4398640134249,1.680315766720333,21.03979521845937,524.6825339942241,LOW
WQ-00816,2026-09-21 11:00:00,6.888668524467308,1494.408853638473,15.863591422308456,36.15855408328331,2094.729753437229,MEDIUM
WQ-00817,2026-09-21 11:45:00,6.570625078539793,974.9190412759831,87.78476922831076,32.32497508688677,1414.375125628013,HIGH
WQ-00818,2026-09-21 11:45:00,6.479662898397693,570.4312494139697,25.12539913982579,29.451842997009415,922.8712400230614,MEDIUM
WQ-00819,2026-09-21 12:00:00,6.923285400366416,743.348083439748,26.748163228630915,34.51057573997306,1349.6988607220349,MEDIUM
WQ-00820,2026-09-21 12:30:00,7.28657173306849,280.8425553145621,1.438783555844565,20.308051829884995,394.35626075228697,LOW
WQ-00821,2026-09-21 13:00:00,7.04631052643089,292.1082273657856,2.994501561895803,22.067908061442022,488.43927920251616,LOW
WQ-00822,2026-09-21 13:15:00,6.682593288393848,599.0526989759902,18.195672390179883,27.789666744173477,1081.9324479169552,MEDIUM
WQ-00823,2026-09-21 13:45:00,7.489271522281898,141.7010569278607,1.8883225089217508,22.024903667835652,275.5366880567215,LOW
WQ-00824,2026-09-21 13:45:00,6.32458719860202,740.8881490930154,28.1100195982526,30.915682676362252,1274.6636198242131,MEDIUM
WQ-00825,2026-09-21 15:00:00,5.593718179315316,1214.22407709861,9.162053568673407,28.875604674576095,2279.2840018902216,MEDIUM
WQ-00826,2026-09-21 16:15:00,6.787890453083522,107.4154252232613,3.956730645836081,20.526135173759837,184.3627808153667,LOW
WQ-00827,2026-09-21 17:00:00,7.193043769566672,587.1486114491709,23.82389214723876,27.328858375938307,883.3758839667779,MEDIUM
WQ-00828,2026-09-21 17:30:00,7.645395467885177,156.03482332332015,3.609038629658467,24.596185697823756,261.1566420956046,LOW
WQ-00829,2026-09-21 17:30:00,6.631660444236518,1382.776457765502,21.340765354385994,35.608092377377986,2156.068546707514,HIGH
WQ-00830,2026-09-21 17:45:00,7.8343267217279,123.74650942218585,1.1845183635689878,25.375993161015984,214.61416319710347,LOW
WQ-00831,2026-09-21 18:15:00,6.965900727810546,874.5232278062115,10.380997784001877,29.30573195679918,1401.6813738993264,MEDIUM
WQ-00832,2026-09-21 18:45:00,7.1940082030243175,1132.8816195511995,24.502976726648388,28.601458420036124,1540.8029654389431,MEDIUM
WQ-00833,2026-09-21 19:00:00,7.536726841536904,112.83982363278409,2.2725816321100707,23.341221175478243,188.3517773607995,LOW
WQ-00834,2026-09-21 19:00:00,6.831344985436345,854.5819331496813,17.355881807688196,23.418904424443678,1328.918406158649,MEDIUM
WQ-00835,2026-09-21 19:45:00,6.501883628902765,1125.44648142517,11.859308071147206,28.44419175829688,2139.3540334496083,MEDIUM
WQ-00836,2026-09-21 19:45:00,8.560614461843933,807.980954119962,9.334037302691577,25.3343761705818,1136.0710353820605,MEDIUM
WQ-00837,2026-09-21 20:00:00,5.948049020146492,1132.0055174738009,43.93335418964557,40.138935722646096,1914.2163235546545,HIGH
WQ-00838,2026-09-21 20:00:00,5.734122288879564,1792.12840943646,34.7570908490508,38.053093768639314,2500.0,HIGH
WQ-00839,2026-09-21 20:30:00,7.22550736758758,832.6355426262595,15.143930076417377,30.164195661758043,1359.1626876405505,MEDIUM
WQ-00840,2026-09-21 21:15:00,7.088890811471254,1142.988905545225,37.4708948613161,28.89233469646493,1740.5177745533836,HIGH
WQ-00841,2026-09-21 21:30:00,6.767843803575353,268.6068852014479,2.109441753987993,23.69214332156588,406.81940729956546,LOW
WQ-00842,2026-09-21 21:30:00,7.522678254563739,1219.7190318942621,72.94094454639236,22.433257611917192,2057.369768530467,HIGH
WQ-00843,2026-09-21 21:45:00,6.829354068486875,1005.5319167314567,16.667478173173034,25.919138883390172,1466.8283219919524,MEDIUM
WQ-00844,2026-09-21 21:45:00,6.0668016785882095,970.4988930461283,24.44776283798657,27.507000167026284,1689.4080680858503,MEDIUM
WQ-00845,2026-09-21 22:30:00,7.934952851459244,321.87945389022263,2.138976382118032,24.80309766055632,482.81238293234793,LOW
WQ-00846,2026-09-21 22:45:00,7.025675571596154,1141.628695611293,7.652309190601301,32.817218202094956,1913.597496874765,MEDIUM
WQ-00847,2026-09-21 23:30:00,6.830956103623439,233.70854601034577,3.7711721368903044,27.224655692571897,364.6150026895295,LOW
WQ-00848,2026-09-21 23:45:00,8.232887130193294,886.4665504869797,20.64846392967584,23.539229641535663,1496.7007531641805,MEDIUM
WQ-00849,2026-09-21 23:45:00,7.696458815764787,293.37333274758066,3.021060041596257,21.60923537476846,470.90531551506086,LOW
WQ-00850,2026-09-22 00:00:00,6.389803884374954,960.4319061112133,28.455368105845693,38.70514007845895,1728.89312815265,MEDIUM
WQ-00851,2026-09-22 01:00:00,8.115598462529801,321.52793434140705,2.0186711802622592,26.69843556217602,506.4601129606862,LOW
WQ-00852,2026-09-22 01:00:00,7.471684002723339,271.9695894953375,1.2464624040843097,22.632301702533375,436.79279647613566,LOW
WQ-00853,2026-09-22 01:15:00,6.371916924895968,849.5684720194804,72.19196662079466,29.35673298628658,1445.8505667019103,HIGH
WQ-00854,2026-09-22 01:45:00,5.739699883978012,1809.1398736825902,51.85100564391487,29.383716319950608,2500.0,HIGH
WQ-00855,2026-09-22 02:15:00,7.661832697688186,431.06837727179584,2.603758879348977,24.11050942798484,686.370602084568,LOW
WQ-00856,2026-09-22 02:30:00,7.257452225492985,1120.4034733008698,35.581841471049785,29.363415461193064,1921.7285998716116,HIGH
WQ-00857,2026-09-22 03:15:00,6.911010104917284,1213.9366487898233,33.56341296899023,39.67496373049916,1982.6673781535924,HIGH
WQ-00858,2026-09-22 04:15:00,5.610013646132398,1382.4411250089834,61.837535794998274,31.138539366975916,2470.1142155297907,HIGH
WQ-00859,2026-09-22 04:45:00,7.458468434374733,80.46455722353409,0.636099918258791,26.319093526488377,105.77087573703533,LOW
WQ-00860,2026-09-22 05:00:00,6.847650910678397,494.29350074314453,15.043208804833164,18.567616469049288,723.1301055344419,MEDIUM
WQ-00862,2026-09-22 06:00:00,5.796140736506861,769.7646622994043,29.275336936257993,33.14407501358303,1115.072874836944,MEDIUM
WQ-00863,2026-09-22 06:00:00,6.96515337880977,1002.4610142356065,48.75434271850113,32.4138923481397,1999.9427653725318,HIGH
WQ-00864,2026-09-22 06:15:00,4.948583763711234,886.1957295268915,8.094875663694053,5.054427075675818,1899.5096224447632,MEDIUM
WQ-00865,2026-09-22 09:15:00,7.492434737132568,285.4026759075159,1.99238136568765,26.359081208106687,478.8293763085703,LOW
WQ-00866,2026-09-22 09:30:00,5.921916942246176,797.9521322303841,12.129528614186874,41.508986367772614,1485.1529863092885,MEDIUM
WQ-00867,2026-09-22 10:00:00,7.708246606879911,1179.4265042934537,43.830557262465284,18.024554483281243,1946.8791054853305,HIGH
WQ-00868,2026-09-22 10:15:00,5.906531790846125,1923.7508595857198,8.581804912281939,39.116326053873074,2500.0,MEDIUM
WQ-00869,2026-09-22 11:00:00,7.696767896413354,133.22404578007627,2.7817102427230744,14.298155292809252,197.30322699713423,LOW
WQ-00870,2026-09-22 11:00:00,7.221388771442994,308.27850684484605,2.615758888637481,27.282996307686947,558.7750259444282,LOW
WQ-00871,2026-09-22 11:15:00,6.985311115114608,793.3592324592213,41.07948493346882,26.9567568699388,1231.9666636639356,HIGH
WQ-00872,2026-09-22 11:45:00,7.731576438914024,279.12143838649575,3.132660618447077,15.775100746643842,449.5698194860021,LOW
WQ-00873,2026-09-22 12:15:00,5.93744428367542,1766.9844527370897,35.69588637190494,32.67682696343872,2500.0,HIGH
WQ-00874,2026-09-22 13:30:00,7.848449698024282,296.71535902865196,3.0998771026019347,28.027939122032205,503.9206248395509,LOW
WQ-00875,2026-09-22 14:15:00,6.154726592170138,1100.0151124870529,8.023361190548215,28.819435019107864,1564.770583393837,MEDIUM
WQ-00876,2026-09-22 16:00:00,6.69459284255838,912.3944573049766,23.82560271901612,33.50896582235768,1486.4941244650045,MEDIUM
WQ-00877,2026-09-22 16:15:00,7.8151878752545345,330.2293736067169,2.5664567852826212,22.559133606813283,454.57904783259005,LOW
WQ-00878,2026-09-22 16:30:00,7.697016871305651,153.25761968286622,0.2,17.485135856726423,267.6630481603598,LOW
WQ-00879,2026-09-22 17:00:00,8.337333657551557,957.0991884257385,21.62839215066117,30.459320111685322,1440.178922187158,MEDIUM
WQ-00880,2026-09-22 18:45:00,6.327420512017005,956.81416113939,11.797367078815792,35.74876959723148,1552.2116901986071,HIGH
WQ-00881,2026-09-22 19:30:00,5.86563806148856,1006.7269629513078,23.013070551532635,32.64790427113729,1676.9407080101867,HIGH
WQ-00882,2026-09-22 19:30:00,6.154248668628661,974.130468733242,11.222636419527365,17.06062085199327,1480.5788782026698,HIGH
WQ-00883,2026-09-22 19:45:00,7.060442566548438,1029.3522081606052,54.333459024014154,20.910633556734396,1709.746544343255,HIGH
WQ-00884,2026-09-22 20:15:00,7.273442200702034,603.0291692949424,22.193274236673897,22.7701612910133,1310.1295831363632,MEDIUM
WQ-00885,2026-09-22 20:45:00,7.446015496841337,308.51138119655917,3.740402508569464,18.424585920519498,685.5808471034649,LOW
WQ-00886,2026-09-22 22:15:00,6.894669327901791,246.7251119767024,2.2074079875117847,24.15466471844614,354.31430567989815,LOW
WQ-00887,2026-09-22 22:15:00,7.745090281998078,333.4439156862036,1.3544929145423872,25.37695531813183,480.5944982417167,LOW
WQ-00888,2026-09-22 23:15:00,6.848882850057257,225.9740359230919,1.928425558589989,18.994113508651715,308.18544426323666,LOW
WQ-00889,2026-09-23 00:00:00,7.921527312069605,103.53520753907357,0.7213399632815953,26.71994960746435,167.27601753725224,LOW
WQ-00890,2026-09-23 00:00:00,9.0430788173549,1112.5485298209032,26.0613725470544,30.005519720100068,2051.0003107332973,MEDIUM
WQ-00891,2026-09-23 00:15:00,7.564903015957198,196.66664513050037,2.8488352709468,22.08144306304704,330.6294376232089,LOW
WQ-00892,2026-09-23 00:15:00,6.983108135657743,1479.961313819988,99.32231280724199,28.964868084096096,2384.3981906364565,HIGH
WQ-00893,2026-09-23 01:15:00,7.178213103996999,171.72865143684328,1.5159804103351548,17.175695885214388,306.88973028928154,LOW
WQ-00894,2026-09-23 01:15:00,6.585404005510933,377.98715392103213,1.9054259689572992,22.83708245299524,525.7748489705446,LOW
WQ-00895,2026-09-23 01:15:00,5.797280636969778,1016.9053668103852,32.33331246235926,30.044309844781953,1348.0190541796567,HIGH
WQ-00896,2026-09-23 01:15:00,5.307104758901251,1221.7766934396536,49.66650142488693,31.012485571369137,1883.4324668365493,HIGH
WQ-00897,2026-09-23 01:30:00,6.748847940613244,239.67038324275848,2.619859587927575,25.32606919207061,386.9719696293545,LOW
WQ-00898,2026-09-23 02:30:00,8.175061973898043,131.70359056217376,2.141287671128638,24.854846101307004,242.86024227407668,LOW
WQ-00899,2026-09-23 02:45:00,7.522788133111598,259.74675757288355,3.3949585085603355,23.07479705957015,364.4105597850842,LOW
WQ-00900,2026-09-23 02:45:00,7.184765685460488,1254.6203050428478,15.830204962452225,28.430974712771583,2008.747480965221,MEDIUM
WQ-00901,2026-09-23 03:30:00,6.668233226102814,792.0983246473837,31.861740478907123,32.01015996655124,1314.3584929383344,MEDIUM
WQ-00902,2026-09-23 03:30:00,7.322208012900454,265.5628537128553,2.792347639005191,23.665756743416246,409.2694552942627,LOW
WQ-00903,2026-09-23 04:30:00,7.834047807007701,30.0,2.186767088111159,25.111582117910867,51.294562923765554,LOW
WQ-00904,2026-09-23 05:00:00,6.875747160978589,891.435575893335,18.850633592428544,26.069144686679408,1417.6492375195692,MEDIUM
WQ-00905,2026-09-23 05:15:00,6.930693938024733,1231.043931348042,98.38669069209013,26.11944650112257,2307.693957187839,HIGH
WQ-00906,2026-09-23 05:30:00,6.752996776616238,719.9305274697153,13.829913492579205,29.61439833458802,1050.6480125460848,MEDIUM
WQ-00907,2026-09-23 05:45:00,6.643385331950965,1137.919103318277,24.979331769684148,24.223870279148976,1854.0876396239876,MEDIUM
WQ-00908,2026-09-23 06:00:00,6.7668886254791625,200.63806865385547,1.3747590227336544,25.351514153472667,290.97883425804116,LOW
WQ-00909,2026-09-23 06:15:00,6.510012921934793,214.02702616157714,4.164182823483436,24.098893800285158,352.05760882372414,LOW
WQ-00910,2026-09-23 07:30:00,7.282297144520119,196.0526412689836,3.175508961679124,22.9362286321795,320.43750150367674,LOW
WQ-00911,2026-09-23 07:45:00,6.456496691993233,621.6099687292709,30.07630266549483,28.031143007120036,1135.8566034033083,MEDIUM
WQ-00912,2026-09-23 09:15:00,5.11386996329121,919.8451527707548,56.27708985548702,26.95127404550588,1382.0091717275077,HIGH
WQ-00913,2026-09-23 09:30:00,6.365525134965368,1715.2155247256821,50.669305868084216,20.125192967465917,2500.0,HIGH
WQ-00914,2026-09-23 10:30:00,6.453752562990503,548.2187541856107,33.634255236555745,32.29737057097015,927.9031031577855,MEDIUM
WQ-00915,2026-09-23 10:30:00,4.5,1058.800167146032,61.67961277901981,31.389280951669924,1707.5691590105403,HIGH
WQ-00916,2026-09-23 10:45:00,5.4848753405204995,1198.1063786098898,53.56471860429703,35.09802151469096,1910.0224577639412,HIGH
WQ-00917,2026-09-23 11:00:00,7.583268752180961,386.9259680562409,2.4372685852745475,22.139900841926217,747.489212120896,LOW
WQ-00918,2026-09-23 11:15:00,7.5741764282280855,299.1743388946732,2.1538883176334385,30.633842689168336,493.5635164020356,LOW
WQ-00919,2026-09-23 11:15:00,6.880846287620108,179.85465256522104,2.6741599418596165,22.670924182526285,269.3588915364687,LOW
WQ-00920,2026-09-23 13:30:00,7.018836037874801,1186.9930133654211,24.293876614924596,22.62445178902652,1987.2653171207085,MEDIUM
WQ-00921,2026-09-23 13:45:00,7.860083251412213,163.35357615489923,2.2650026663275193,20.522102780550675,269.33098324948145,LOW
WQ-00922,2026-09-23 16:45:00,7.177072958990898,1733.457925418922,30.897649848273602,19.596465580622027,2500.0,HIGH
WQ-00923,2026-09-23 19:30:00,6.82853565973955,601.0470058969365,38.93766240762493,34.66313946196564,981.3935667531625,HIGH
WQ-00924,2026-09-23 20:15:00,6.549017765006781,1136.1167229936145,11.495800566514529,33.855336953843306,2035.4347532821969,MEDIUM
WQ-00925,2026-09-23 20:45:00,7.116794982049473,193.4479719076113,2.6703998407677196,26.102608070096654,313.1141953930135,LOW
WQ-00926,2026-09-23 21:30:00,7.610518902309346,137.43461831528572,1.847735183468424,20.86368917278477,202.21548253310985,LOW
WQ-00927,2026-09-23 22:45:00,7.4877967879143,210.45707482313173,4.13550199639423,30.33943688545692,377.8882179895231,LOW
WQ-00928,2026-09-23 23:00:00,7.029404006102201,1455.3907882936817,25.123384181075505,27.889685030870066,2435.6737596696926,MEDIUM
WQ-00929,2026-09-23 23:30:00,6.998905359840864,791.1553452843433,14.647367382396679,25.65487084386674,1473.0073015792998,MEDIUM
WQ-00930,2026-09-24 01:00:00,7.514072962760582,1021.8697713189713,12.301819367381746,34.18629540218038,1510.5625664668921,MEDIUM
WQ-00931,2026-09-24 01:30:00,7.442566639830965,177.53055047023392,2.5558115560456716,26.306187045683053,288.9219504285401,LOW
WQ-00932,2026-09-24 01:45:00,7.753109922259259,285.8335154538222,0.6896442744744942,31.70386098564108,502.35418745253764,LOW
WQ-00933,2026-09-24 01:45:00,7.55311707777498,997.2888536480519,17.21471505242234,28.2436113015951,1594.2950616259336,HIGH
WQ-00934,2026-09-24 02:15:00,5.595473369775187,1326.8492392109847,0.2,27.61781520252765,2422.2125334846073,MEDIUM
WQ-00935,2026-09-24 02:15:00,4.591855953129254,1182.274721300939,50.28926979081799,26.329170699241224,2118.8088553953717,HIGH
WQ-00936,2026-09-24 03:15:00,8.094571785206549,243.63867161887396,1.6497636553681114,17.535513379832807,457.6302367707271,LOW
WQ-00937,2026-09-24 03:30:00,6.656658730712262,1559.0964223528058,12.262751633499235,28.328425363162772,2500.0,MEDIUM
WQ-00938,2026-09-24 04:45:00,6.628481347026746,415.56192374584475,3.3941703432714645,28.00607668589583,592.4409395667689,LOW
WQ-00939,2026-09-24 06:45:00,5.686180502781289,1706.9797602833087,16.231328235531336,33.593005035936415,2500.0,HIGH
WQ-00940,2026-09-24 07:00:00,7.747343431566423,317.8390954834257,3.076638059031037,24.07107802296142,490.5124852693834,LOW
WQ-00941,2026-09-24 07:30:00,7.2741454259901985,507.9660975374255,1.4288550936134152,20.517729446642846,891.4471071428648,LOW
WQ-00942,2026-09-24 08:15:00,5.887938580680873,1546.0642211717807,80.23457031369938,31.361238108076424,2322.910464517015,HIGH
WQ-00943,2026-09-24 08:30:00,8.030396837140835,273.6179160180532,3.024505592818761,27.544847968183806,489.97265008035015,LOW
WQ-00944,2026-09-24 08:45:00,6.114534640212143,1054.8833163507638,11.919521291259718,29.153596282349923,1694.9900958203543,MEDIUM
WQ-00945,2026-09-24 09:00:00,6.301384981683875,678.0274849305843,12.829174477896936,27.833675848166795,1088.0278437542038,MEDIUM
WQ-00946,2026-09-24 09:45:00,7.495123913771721,190.04885272231195,2.866077725746741,21.21064821351578,250.17346080178896,LOW
WQ-00947,2026-09-24 10:15:00,7.192841199040412,788.6427613276866,19.376218692898334,31.335909070560064,1198.863134087624,MEDIUM
WQ-00948,2026-09-24 10:30:00,6.896343034340732,1596.0933113434335,41.274464845529955,11.208571087534914,2500.0,HIGH
WQ-00949,2026-09-24 11:30:00,7.311238044568947,1283.8136663559444,72.98925495898615,32.29707425319087,1941.9270327117702,HIGH
WQ-00950,2026-09-24 11:30:00,7.4893603793066825,242.44010829268726,1.376442239293048,32.996126933306094,323.99197716154345,LOW
WQ-00951,2026-09-24 11:30:00,7.267037954203807,1139.2400164326623,22.912937721754545,19.458133063340764,2181.5250550920805,MEDIUM
WQ-00952,2026-09-24 11:30:00,7.283355833308213,307.6835664833725,3.2500905730175367,23.155206908545217,540.3160669453932,LOW
WQ-00953,2026-09-24 11:45:00,7.428214236456522,215.44510972628777,3.0900292372241607,23.972311534563456,355.6454880780789,LOW
WQ-00954,2026-09-24 12:00:00,7.448390381024136,169.70044128095998,2.0244260657272606,22.38096015080198,285.22295059549054,LOW
WQ-00955,2026-09-24 12:45:00,6.615098135819037,1781.4043980282117,38.64407062124152,36.21824545535388,2500.0,HIGH
WQ-00956,2026-09-24 14:15:00,7.172539807582761,1644.078648745749,6.746059824539508,32.8347060861318,2500.0,MEDIUM
WQ-00957,2026-09-24 14:15:00,6.955145681944831,739.6224090477548,21.762610161365693,30.913802235283917,1050.2459081030777,MEDIUM
WQ-00958,2026-09-24 16:15:00,6.9331627521751376,831.1061334401783,25.183592265747336,30.9863628058464,1554.5053071255463,MEDIUM
WQ-00959,2026-09-24 16:30:00,6.293155511294221,936.4134016436877,20.621178110577638,27.08375354535871,1540.1859664923259,MEDIUM
WQ-00960,2026-09-24 16:45:00,6.950753443547033,1071.342537766627,22.749270785662265,42.89932244411757,1569.1582510205878,MEDIUM
WQ-00961,2026-09-24 17:00:00,6.8789866613281925,1100.2223288867497,32.392536096340606,27.756734668283706,1779.7510010808362,MEDIUM
WQ-00962,2026-09-24 17:15:00,7.044886184859899,962.4593202586042,10.126768909377255,27.976410492448522,1714.8912758108017,MEDIUM
WQ-00963,2026-09-24 17:15:00,8.392936388213181,282.672277822297,1.9402016675440852,18.013361826493536,524.3610607951401,LOW
WQ-00964,2026-09-24 18:15:00,7.164302249656444,235.77231221403383,2.4075820597523396,22.097923854438015,388.93482918585613,LOW
WQ-00965,2026-09-24 18:15:00,6.82228901912536,1093.936358491387,29.50848137336065,36.88426609079886,1903.8945593426463,MEDIUM
WQ-00966,2026-09-24 18:15:00,7.7013465504332235,842.5218339709241,36.31477113927417,20.322715748200636,1332.4424466033176,HIGH
WQ-00967,2026-09-24 19:00:00,6.498001914099383,1357.216650923241,64.98890963548925,17.05465695418827,2500.0,HIGH
WQ-00968,2026-09-24 19:45:00,8.452030303627474,226.8788674983269,2.5191466597976313,24.113104149156513,339.2418135882245,LOW
WQ-00969,2026-09-24 20:00:00,6.616470531201393,485.17396102243646,39.942317793285866,33.85372253737489,773.8849018370156,HIGH
WQ-00970,2026-09-24 20:45:00,7.545840150044022,194.22649985635118,0.5512151924288435,24.14833430043644,307.6172308066603,LOW
WQ-00971,2026-09-24 21:00:00,7.040537414798158,235.05850877802368,2.1915010907837504,22.823563890807797,332.7251026458062,LOW
WQ-00972,2026-09-24 21:15:00,7.241813869185519,204.6767007284869,2.6029706658274674,17.49529221790657,344.72894777104,LOW
WQ-00973,2026-09-24 22:00:00,7.512020259678496,207.7858584039573,1.1939894485266858,25.582889429457676,360.45710565332473,LOW
WQ-00974,2026-09-24 23:15:00,7.24630406230773,1535.4367209057432,51.61571991999002,33.96765065329827,2500.0,HIGH
WQ-00975,2026-09-24 23:45:00,7.543592675310609,132.89385316562294,0.9827592568333341,17.76393625314615,218.41433372587088,LOW
WQ-00976,2026-09-25 02:00:00,7.8443361370010525,541.8307129307335,28.905573182742533,32.672662243486094,881.6819992724633,MEDIUM
WQ-00977,2026-09-25 03:00:00,6.828776017055497,823.4026460159315,32.57834768128907,30.828477629460544,1444.1653890546982,HIGH
WQ-00978,2026-09-25 03:00:00,6.650873602620746,1068.1051692103938,24.723334011283285,32.661579712736724,2142.144572359144,MEDIUM
WQ-00979,2026-09-25 05:00:00,8.92798883045954,1271.2616686870606,3.4720218493505435,29.917625459166707,2168.1148013650068,MEDIUM
WQ-00980,2026-09-25 05:00:00,7.577406942248914,300.3915415185266,1.136527126717362,26.287889480839613,468.1989384197181,LOW
WQ-00981,2026-09-25 06:15:00,5.680518454021453,792.059771249838,57.42362007068954,33.12432539221043,1260.8893108669772,HIGH
WQ-00982,2026-09-25 06:30:00,5.705736237751932,1261.700449036827,45.466370157272046,35.21083392900717,1823.3369799643967,HIGH
WQ-00983,2026-09-25 07:30:00,6.192990064101495,956.4595638379365,0.2,17.906211154380408,1297.1947583089186,MEDIUM
WQ-00984,2026-09-25 08:00:00,7.602427016892591,939.0700457231903,34.4283038386824,19.494702831892425,1410.9471852769168,MEDIUM
WQ-00985,2026-09-25 08:30:00,7.236030218198041,278.5374097648587,2.3503221568792156,21.4239723493358,396.2400156539856,LOW
WQ-00986,2026-09-25 09:45:00,6.527362475656486,1001.521400344911,26.98035739199901,29.22107896996468,1503.7713058376692,MEDIUM
WQ-00987,2026-09-25 10:00:00,7.37142109650278,235.84487787956684,3.294451157323331,25.358479231578627,326.38645276722497,LOW
WQ-00988,2026-09-25 11:00:00,7.729171583573421,267.8290546798516,1.4547059858024114,25.136385786300977,366.36154631069166,LOW
WQ-00989,2026-09-25 11:30:00,7.0189651582021915,304.31038579732933,1.4427026706353638,27.90987034009611,449.4519416561187,LOW
WQ-00990,2026-09-25 11:45:00,5.324427713856985,1043.8270966871391,52.88375832230879,36.8909717914821,1575.866829335545,HIGH
WQ-00991,2026-09-25 11:45:00,7.068222980386196,824.0654892065625,39.81038459242295,22.638074458531037,1356.07105431166,HIGH
WQ-00992,2026-09-25 13:30:00,7.000959284699897,322.54928157213067,80.7189179154035,31.43145666030283,522.330297464299,HIGH
WQ-00993,2026-09-25 14:00:00,6.732532313097641,1113.8444523204457,52.913652975890344,24.91301071366897,1857.2439228286134,HIGH
WQ-00994,2026-09-25 15:15:00,7.035745821906203,182.80265963260612,2.708624224735352,23.34113536576252,278.12199269877226,LOW
WQ-00995,2026-09-25 16:15:00,7.077484842091394,962.5578868963717,62.412976505866155,31.93074821429097,1668.850097481339,HIGH
WQ-00996,2026-09-25 16:15:00,6.342104304678275,936.4346730511834,9.43016324630651,9.956439617641546,1538.8380047818248,MEDIUM
WQ-00997,2026-09-25 16:45:00,6.508846016410213,887.692004950041,28.441483371519823,39.05622019819842,1854.42011125865,HIGH
WQ-00998,2026-09-25 16:45:00,6.975220913875099,30.0,1.392519185042119,25.982430370891162,41.47166954411519,MEDIUM
WQ-00999,2026-09-25 18:45:00,7.701158348652031,1431.8930283346674,52.00651746952477,26.425780347519563,2359.855347906935,HIGH
WQ-01000,2026-09-25 20:45:00,7.685039693462308,146.45082822898752,1.949785609631929,30.745794143305798,226.23659703216202,LOW
WQ-01001,2026-09-25 21:45:00,7.672247019055494,273.71200632714636,2.751329159825636,22.78399090329832,386.8900292142627,LOW
WQ-01002,2026-09-25 22:00:00,7.835408565856838,617.9927254996936,23.1810346500646,27.66259692914029,968.6139057124368,MEDIUM
WQ-01003,2026-09-25 23:15:00,8.665692161707426,232.7005884677846,0.2,22.295094663608303,329.2961022333902,LOW
WQ-01004,2026-09-26 00:45:00,6.630848253240431,204.51530040021447,2.396780882875699,29.781971431051687,374.9164084634108,LOW
WQ-01005,2026-09-26 01:15:00,6.346217564342169,966.6824146890726,28.42152952299263,26.475076468470597,1265.5518565489265,HIGH
WQ-01006,2026-09-26 01:30:00,7.122721212121465,241.2227549886212,2.690521183172299,24.523194352588284,352.0335474369193,LOW
WQ-01007,2026-09-26 02:45:00,5.549180377617308,1253.0376134918474,42.74310918341125,37.222692918152674,1980.9238090248384,HIGH
WQ-01008,2026-09-26 03:30:00,6.91508753857833,91.73549173601799,4.006377861123447,26.047988101113766,130.0281684017847,LOW
WQ-01009,2026-09-26 04:15:00,6.675260201958476,575.014248038573,25.11373129121661,26.72825967432964,1045.7049793515373,MEDIUM
WQ-01010,2026-09-26 04:30:00,5.987547213532947,771.5448733997118,26.376733001931065,32.551954861787316,1280.1833402792868,MEDIUM
WQ-01011,2026-09-26 05:00:00,7.15128177565306,898.1784255354909,32.44491894050569,39.69241614713976,1271.028147122961,HIGH
WQ-01012,2026-09-26 05:45:00,6.938773741071461,766.1854516161943,25.625929996965986,28.587052243997107,1508.309181266938,MEDIUM
WQ-01013,2026-09-26 06:15:00,7.260771498572742,1037.5466247274824,13.019822465857965,27.583800439362832,1587.3669298005332,MEDIUM
WQ-01014,2026-09-26 06:30:00,6.907728451638253,1243.8960506995602,0.2,31.02376250171449,1908.0192105127003,MEDIUM
WQ-01015,2026-09-26 07:45:00,7.671353084042005,143.1488547698441,1.6751670077801104,28.586503252910312,193.92828898806093,LOW
WQ-01016,2026-09-26 08:00:00,7.231965978429253,204.97133363108816,3.0370400784692286,21.90280792738477,390.40472623903855,LOW
WQ-01017,2026-09-26 08:45:00,8.490857551975251,949.6891639896415,18.46903668582194,25.608412201441695,1325.3118920734719,MEDIUM
WQ-01018,2026-09-26 09:00:00,6.634431116482098,1473.4561931533422,62.62592419019805,20.77534230524015,2500.0,HIGH
WQ-01019,2026-09-26 09:30:00,6.5618818613188425,399.0541218793817,2.3636009935123004,19.856462480760094,672.7376238607153,LOW
WQ-01021,2026-09-26 10:45:00,4.659497010972185,1322.0781085956478,38.505232443345456,29.664378035637462,2383.2869742662647,HIGH
WQ-01022,2026-09-26 11:00:00,6.913000971863481,993.7472683002738,26.67614826567688,35.8454166288506,1542.5795935125047,HIGH
WQ-01023,2026-09-26 12:15:00,6.278194775946667,1341.0992755036903,56.1294714197779,33.215956829551345,2423.9942688608944,HIGH
WQ-01024,2026-09-26 12:30:00,6.548680726575407,789.8640078824963,37.01601872631193,22.43960744905103,1188.8075358265198,HIGH
WQ-01025,2026-09-26 14:00:00,8.408194584300386,559.1634212042663,4.93362693665722,23.360097573179424,963.705935610733,MEDIUM
WQ-01027,2026-09-26 15:00:00,7.126098361446335,941.9930831672357,63.66735431854708,36.759662091775155,1601.1265099229574,HIGH
WQ-01028,2026-09-26 15:00:00,6.981016930426054,74.60539869885994,3.9004861277565133,24.09852468578471,116.53407582884692,LOW
WQ-01029,2026-09-26 15:00:00,6.150641331501741,724.950654832471,24.400715126420803,24.787367672305837,1201.5249461596836,MEDIUM
WQ-01030,2026-09-26 15:45:00,6.927604124322716,669.63982143138,19.07295835578513,32.62466417852321,1076.5003052607808,MEDIUM
WQ-01031,2026-09-26 16:45:00,7.029755354739169,1028.4330399644487,29.571183686744448,22.033364366376567,1554.0584131645037,MEDIUM
WQ-01032,2026-09-26 16:45:00,5.507766324664157,1032.2402042311446,30.687026752316832,28.960151990287613,1507.040377788505,HIGH
WQ-01033,2026-09-26 17:00:00,6.76476973286285,701.1465562922076,18.40338321332693,38.36329495446665,1165.8683460729285,MEDIUM
WQ-01034,2026-09-26 17:45:00,6.414072082873505,1251.113120386014,52.266760867906015,31.232134093508744,2244.766439595378,HIGH
WQ-01035,2026-09-26 18:00:00,6.738638125671653,491.1866143352422,33.805272624119695,23.12195260369198,786.445107253204,MEDIUM
WQ-01036,2026-09-26 19:30:00,6.289957190739993,791.2452109598073,40.904589932744514,29.05184351335769,1220.6072779824574,HIGH
WQ-01037,2026-09-26 20:00:00,7.157209168135488,265.9083710632111,3.0168654551588214,22.354969483446283,499.4930657051491,LOW
WQ-01038,2026-09-26 20:30:00,6.767355604820404,1081.4863357151025,22.441388966655932,20.02942078123293,1908.8528144765276,HIGH
WQ-01039,2026-09-26 21:30:00,6.9681000177075365,743.1296420279109,21.45924823962092,30.505180134360533,1288.2572690650763,MEDIUM
WQ-01040,2026-09-27 02:30:00,7.672156212147756,324.6669374474768,2.8131362129129855,27.912420401924027,534.4041942024302,LOW
WQ-01041,2026-09-27 03:15:00,7.886385292227892,93.58772706378755,2.072759873272605,22.911826647745997,162.94887790727455,LOW
WQ-01042,2026-09-27 04:30:00,6.679239207354563,625.5218841883657,23.896404990223882,25.113821629518633,944.2945212994971,MEDIUM
WQ-01043,2026-09-27 04:45:00,6.557882852913482,1056.1256104403328,11.421237354691252,22.192173044390852,2016.6922436914554,MEDIUM
WQ-01044,2026-09-27 05:00:00,7.22824175515073,1267.6466702839143,34.97057196491159,26.250321997662166,2413.568038225968,HIGH
WQ-01045,2026-09-27 05:30:00,7.674880212384885,274.4088789365326,0.9457968001364538,22.031710659768834,457.3735376628302,LOW
WQ-01046,2026-09-27 06:30:00,7.204609805033502,226.36918521193888,1.7246770635016864,20.461385596538605,371.42532123245246,LOW
WQ-01047,2026-09-27 06:45:00,7.755677064634778,32.43346281300123,2.3073525869369953,30.62259090639862,60.88260164480258,LOW
WQ-01048,2026-09-27 06:45:00,7.379585341155973,581.4701187034779,88.80171135755006,32.798956900497046,996.3588610512026,HIGH
WQ-01049,2026-09-27 07:45:00,7.691686465658673,1399.1756240204302,35.700974333248794,33.43437064817611,2347.856825589857,HIGH
WQ-01050,2026-09-27 08:00:00,8.20024440802392,197.77435973859428,1.4673826046435643,27.091898491263496,331.61243404786586,LOW
WQ-01051,2026-09-27 08:45:00,6.250187896005421,656.716259926534,16.49183082666206,30.855181083799028,1043.87665776991,MEDIUM
WQ-01052,2026-09-27 09:15:00,7.40625419419963,235.89793227470457,4.024786884372444,22.5541151652115,406.5066193881292,LOW
WQ-01053,2026-09-27 09:30:00,7.405074963478397,240.36182307570286,0.2,24.953934180400136,339.1730462736284,LOW
WQ-01054,2026-09-27 10:15:00,7.355866894160372,314.99742816862454,1.0969881866365545,23.05839330508769,485.1396492079087,LOW
WQ-01055,2026-09-27 11:00:00,7.107831686175439,242.29420547114307,5.204417580075507,25.53462268671831,423.90757690391996,LOW
WQ-01056,2026-09-27 12:15:00,5.785828497576697,1170.2467610335646,27.908820734916368,28.70845442979082,1870.387698323981,HIGH
WQ-01057,2026-09-27 12:30:00,6.492679446029004,1353.037731228549,20.66833111453716,27.704038434814787,2156.4384629777023,MEDIUM
WQ-01058,2026-09-27 13:00:00,7.05423995320344,219.61985046733975,2.1538902196077516,19.3474544697737,316.9651427909867,LOW
WQ-01059,2026-09-27 13:00:00,6.964495110560719,1134.14868097438,22.674545660678618,27.73118528482754,1942.1117194438325,MEDIUM
WQ-01060,2026-09-27 14:30:00,6.30446734372586,684.7430063908844,30.46125245905606,25.978652560963504,1028.0804088186878,MEDIUM
WQ-01061,2026-09-27 15:00:00,5.300341654155659,2419.4900322411413,85.4690440620964,18.65776651374745,2500.0,HIGH
WQ-01062,2026-09-27 15:15:00,7.075723770282673,982.5566451966819,25.885516812792154,29.538308844443588,1384.8695798394544,HIGH
WQ-01063,2026-09-27 15:30:00,7.467914687062923,264.2746327553906,1.6062328666857433,27.378697392849713,378.9136302581625,LOW
WQ-01064,2026-09-27 17:30:00,7.3344614784907005,1015.5211142739714,29.870844420982042,39.64178237604475,1607.29813886132,HIGH
WQ-01065,2026-09-27 19:00:00,8.383638694887932,398.9422827798478,1.431922033450853,22.630808738377688,660.2129446333512,LOW
WQ-01066,2026-09-27 21:30:00,6.677289531210847,1651.1528164355905,22.266575088241353,26.767728620705594,2500.0,MEDIUM
WQ-01067,2026-09-27 21:45:00,7.618286795178859,85.54496188964688,0.2641002408479105,20.117026393462655,140.42802638694056,LOW
WQ-01068,2026-09-27 21:45:00,6.091829003349506,1208.7634846488509,6.348716054995991,28.043209532435036,1676.9319990265276,MEDIUM
WQ-01069,2026-09-27 22:00:00,6.8208916517586315,199.31930784994844,1.213910328263301,24.708113631954244,319.05985282946455,LOW
WQ-01070,2026-09-27 22:30:00,8.08712208508,923.5741160246512,10.22210232299129,22.943518326066254,1550.501762960041,MEDIUM
WQ-01071,2026-09-27 23:00:00,5.476520220066696,863.8834905733987,51.891203602243785,28.95042070797696,1458.2204814503089,HIGH
WQ-01072,2026-09-28 00:00:00,6.117041946398519,1015.7644439872571,10.005981741759648,17.106671665553215,1856.234069030278,MEDIUM
WQ-01073,2026-09-28 00:00:00,6.870675809087586,756.6976561851385,0.2,31.631883739166234,1158.1039617937079,MEDIUM
WQ-01074,2026-09-28 00:15:00,6.309807586622612,1388.06446243752,22.033940959031753,25.375924441967,2431.790639428789,HIGH
WQ-01075,2026-09-28 01:15:00,5.497493493556709,1242.0423779629025,34.61908775012877,29.792061891522124,1810.850688470764,HIGH
WQ-01076,2026-09-28 01:15:00,7.262762051579105,403.2511521562267,1.534005563340838,19.006573025457772,743.4243855497367,LOW
WQ-01077,2026-09-28 01:45:00,7.822031788237578,1336.0972660320297,37.19524679309184,24.088232002692134,2128.7824264557557,HIGH
WQ-01078,2026-09-28 02:00:00,6.295504793376152,910.2328974472431,15.864574407108499,25.602044232412364,1321.066997749283,MEDIUM
WQ-01079,2026-09-28 02:30:00,5.854745636725371,914.0750965011481,30.809234631991977,26.94354576519585,1862.1714086983422,MEDIUM
WQ-01081,2026-09-28 04:00:00,7.621533610372117,329.54056623525076,2.1534648017601414,29.03676279220177,554.3314581362015,LOW
WQ-01082,2026-09-28 04:15:00,5.779481379351338,1225.0104492733167,26.621633645343188,34.39626565661614,1949.2080547570145,HIGH
WQ-01083,2026-09-28 04:15:00,4.817832983873083,1189.8918356346342,43.706781665223126,35.77298725887747,1818.608531338066,HIGH
WQ-01084,2026-09-28 04:15:00,5.655376643561437,1721.8652881926864,28.167885208256827,38.67662465965883,2500.0,HIGH
WQ-01085,2026-09-28 05:30:00,6.345295563150729,1145.4463437796733,48.74053491360055,33.41824728913618,1799.790831800393,HIGH
WQ-01086,2026-09-28 05:45:00,7.774254067412865,891.6938924213233,19.637503673763117,26.816464021905023,1311.6172322443185,MEDIUM
WQ-01087,2026-09-28 06:00:00,5.363418025130343,749.1019030258227,24.218185469784796,36.05467143753033,1150.4392634003773,HIGH
WQ-01088,2026-09-28 06:15:00,6.3154801184885265,1617.5923311468034,66.8216754734131,36.43805571576994,2229.154464322769,HIGH
WQ-01089,2026-09-28 06:30:00,7.406358494921173,1326.9907266200112,26.268404800214253,30.242829189830175,2037.3252593811633,MEDIUM
WQ-01090,2026-09-28 07:45:00,5.11404949490856,1058.6695820159543,17.519372658577517,19.726862014819485,1434.7485543504597,HIGH
WQ-01091,2026-09-28 07:45:00,7.865203775572505,361.56192507925743,2.360042351738841,21.054889464168735,536.3905108298022,LOW
WQ-01092,2026-09-28 07:45:00,6.013162070845173,713.8575300409872,21.161774784980363,25.62572947984758,1395.1931292946383,MEDIUM
WQ-01093,2026-09-28 07:45:00,7.549397972055621,251.26918538253807,1.2456499690103988,26.728673572575648,323.5227670470593,LOW
WQ-01094,2026-09-28 08:00:00,7.511007417324835,145.11560680675495,2.2775458519232803,23.92528753325304,247.8323718832581,LOW
WQ-01095,2026-09-28 08:15:00,7.713439793597884,849.8915799721045,15.789882451926255,32.68434316725282,1197.481320402394,MEDIUM
WQ-01096,2026-09-28 09:45:00,7.313193285670156,1069.886525017551,12.550661643799007,33.57618314372141,1721.1606062731214,MEDIUM
WQ-01097,2026-09-28 10:00:00,6.330219278721509,239.1638551792969,0.41495593670682274,28.197096640370223,349.8258794028979,LOW
WQ-01098,2026-09-28 10:45:00,5.615220752844009,813.1964114115358,37.11063822215012,37.233243386881725,1405.2336022774439,HIGH
WQ-01099,2026-09-28 11:30:00,6.538205129353281,850.2889398956537,57.473354510841915,23.77803657204769,1293.127258643028,HIGH
WQ-01100,2026-09-28 11:45:00,7.312259051246096,105.69524616583035,1.4358747112832546,25.689224248095215,174.75818281115457,LOW
WQ-01101,2026-09-28 11:45:00,7.614924828390547,274.2307330945631,4.972779561373767,21.873648356656044,383.6789062644861,LOW
WQ-01102,2026-09-28 12:15:00,7.755214950051368,415.75050820910013,3.174254219018006,18.228267840242808,643.2579067442268,LOW
WQ-01103,2026-09-28 14:00:00,7.008451736429679,1867.7341327200809,73.69526291853052,28.275173207664984,2500.0,HIGH
WQ-01104,2026-09-28 14:00:00,6.185725057445535,629.5256243244955,62.495346265622686,37.94842179376351,1284.338885396234,HIGH
WQ-01105,2026-09-28 14:45:00,6.569148344995784,357.8968344262805,4.23815147243243,25.612597035414623,582.0732394227738,LOW
WQ-01106,2026-09-28 15:15:00,5.944518751145183,1705.832158465566,27.685956363604074,42.106856229635355,2500.0,HIGH
WQ-01107,2026-09-28 15:45:00,7.58736566666253,90.9230049024118,0.2,24.620305508438392,143.54370037839416,LOW
WQ-01108,2026-09-28 16:00:00,6.9092987363522855,202.71185449605522,1.7092618308118288,32.56730963757518,299.1308810426752,LOW
WQ-01109,2026-09-28 16:30:00,7.031274730121576,1766.2985163684075,57.28080866204583,31.06512735310231,2500.0,HIGH
WQ-01110,2026-09-28 17:15:00,7.808776983770287,279.5390159841307,2.3666686689227765,24.07868103653808,448.7506793427151,LOW
WQ-01111,2026-09-28 17:30:00,7.45709013933313,112.1814452850813,2.5030198720645624,19.52213469227476,162.37622096539957,LOW
WQ-01112,2026-09-28 18:15:00,4.602165100265704,1034.3632742751627,35.20910002669872,32.55281370146384,2140.3040529817918,HIGH
WQ-01114,2026-09-28 19:30:00,8.286189158556082,1265.3275732122597,62.57608440700247,26.11771416354764,2108.9955982463866,HIGH
WQ-01115,2026-09-28 20:45:00,5.8534622069716225,1782.4235723720185,24.329619679239304,37.68738338257543,2500.0,HIGH
WQ-01116,2026-09-28 21:15:00,6.507135549591952,231.65547940141877,0.9950669418623597,28.05377934078585,361.85276127530267,LOW
WQ-01117,2026-09-28 22:45:00,7.955861324739623,185.09562050342487,3.9755253153269368,27.962179785237375,266.8440860274486,LOW
WQ-01118,2026-09-28 23:45:00,6.413355591543673,1687.9515764334926,47.21983377323549,27.82685319567011,2473.7377676100145,HIGH
WQ-01119,2026-09-29 00:30:00,7.897223220030977,317.7276633577923,1.5144478982092517,23.82158447143162,519.2534480455507,LOW
WQ-01120,2026-09-29 01:15:00,6.676958675219366,1847.8150832894412,31.329321141963398,29.64087361382489,2500.0,MEDIUM
WQ-01121,2026-09-29 01:15:00,7.243919352159127,1092.3553342582052,15.508768783617423,30.91259090336199,1625.3254267854675,HIGH
WQ-01122,2026-09-29 01:30:00,7.5633541614715325,327.3237314543432,1.4201450768495743,29.437476339729805,532.4434631692191,LOW
WQ-01123,2026-09-29 01:30:00,7.097488311921,1628.5052518262632,16.770748342719486,32.208879331190445,2500.0,MEDIUM
WQ-01124,2026-09-29 02:30:00,8.424843701850245,253.8975784204825,0.5495375575574406,30.912118798750754,436.33563393636337,LOW
WQ-01125,2026-09-29 03:45:00,7.628254751969392,919.6919799480391,20.04995622345581,31.48597209016531,1372.119193945828,MEDIUM
WQ-01126,2026-09-29 06:00:00,5.714745511615849,847.8028617985716,16.070741296796005,25.82600302942791,1373.0241570982357,MEDIUM
WQ-01127,2026-09-29 06:15:00,7.234996136459178,633.2789755268603,33.07159285443295,31.143557030644875,1136.478718070508,MEDIUM
WQ-01128,2026-09-29 06:15:00,7.756110576077414,689.831468059642,24.930766532669168,35.52970139354387,1329.3901086001094,MEDIUM
WQ-01129,2026-09-29 07:30:00,7.80202560490211,837.9568139742539,24.653176800779832,36.99144491670667,1250.850047264519,MEDIUM
WQ-01130,2026-09-29 08:15:00,5.973395016940901,1441.751820648923,28.651351033802086,37.12134806759448,2455.3274598844887,HIGH
WQ-01131,2026-09-29 08:15:00,7.564944445188128,1897.50878724162,42.33737485284053,30.154046721947996,2500.0,HIGH
WQ-01132,2026-09-29 08:30:00,7.595806799663404,890.8046098673873,25.610011036314404,25.9165337297204,1282.873228588505,MEDIUM
WQ-01133,2026-09-29 09:15:00,8.557632846636379,320.3128661789898,2.987815313683943,26.01624326246487,591.5675868139066,LOW
WQ-01134,2026-09-29 09:30:00,6.337498697813617,1137.4494444150666,21.061081734816344,35.36987247635523,1842.6447967346453,HIGH
WQ-01135,2026-09-29 09:45:00,5.892599423599576,1262.0502168782593,68.74072314513259,32.60261473328671,2069.7547058419846,HIGH
WQ-01136,2026-09-29 10:15:00,7.262246428193021,283.5221190233166,2.208788239798737,25.59086155154084,441.08420011386875,LOW
WQ-01137,2026-09-29 10:45:00,6.532333387470919,846.4238308205305,29.928471185176797,27.25698927158546,1219.0168049870865,MEDIUM
WQ-01138,2026-09-29 11:00:00,6.232484437677298,1190.869896697265,17.101477914108496,25.360544686843937,2204.363925765079,MEDIUM
WQ-01139,2026-09-29 11:15:00,6.156796022446816,287.2259004439339,0.20615279677449405,23.432529226746286,439.05720447648775,MEDIUM
WQ-01140,2026-09-29 11:45:00,6.57397539470765,638.0935739685618,24.683589880185227,27.67712992622765,935.7700495577583,MEDIUM
WQ-01141,2026-09-29 12:15:00,7.566211126864958,244.5372186938462,2.997856469461288,30.01334998683938,401.6593945382715,LOW
WQ-01142,2026-09-29 13:45:00,5.90677815449409,1976.2826214930742,57.657641299766524,28.561717328815188,2500.0,HIGH
WQ-01143,2026-09-29 14:00:00,8.33538118352911,1281.1322068722536,54.28810655162368,30.315672455468285,1985.922152543784,HIGH
WQ-01144,2026-09-29 14:00:00,6.413375812715863,1520.131711436126,37.33108674899028,24.807734037560948,2372.651400125145,HIGH
WQ-01145,2026-09-29 14:15:00,7.868271791388102,1020.093344302612,13.932537485544078,30.583155332365777,1557.534343763456,MEDIUM
WQ-01146,2026-09-29 15:00:00,7.517639185728486,136.70393907518596,2.8069010959481586,28.78337712551399,209.13076993092682,LOW
WQ-01147,2026-09-29 15:15:00,7.519805482419944,1012.355748826973,26.26447416198275,35.12248922978378,1804.2930610605304,HIGH
WQ-01148,2026-09-29 15:30:00,6.679241553933562,820.3426422268423,32.66022000143582,31.22018714817426,1207.423220040948,MEDIUM
WQ-01149,2026-09-29 16:00:00,7.926588473927673,762.3626965916928,33.09424189192057,29.87177141639618,1104.8622810160853,MEDIUM
WQ-01150,2026-09-29 16:00:00,6.455939350132401,1758.774727647793,25.57695867995279,29.078698066979772,2500.0,MEDIUM
WQ-01151,2026-09-29 16:15:00,7.623254318639954,262.10806612775224,1.5581242833298556,25.84806537893083,494.216516010758,LOW
WQ-01152,2026-09-29 16:30:00,6.766332933650044,1234.2984330563197,81.00135467151662,31.883790914995288,2013.158892517837,HIGH
WQ-01153,2026-09-29 17:00:00,7.270271543842707,270.18149191206686,3.155440131507304,24.203925355380207,427.7295224796853,LOW
WQ-01154,2026-09-29 18:00:00,7.582242043516105,224.59169770203818,1.8061897635198754,24.482137922969955,407.36790619316633,LOW
WQ-01155,2026-09-29 18:30:00,8.575789684648262,902.7672705174033,24.873807096435506,29.259611416968244,1508.6560293186442,HIGH
WQ-01156,2026-09-29 18:45:00,7.278321376057051,289.1136674048124,2.3702714689762225,22.970466478040525,539.9574844422106,LOW
WQ-01157,2026-09-29 18:45:00,7.5887592017839625,164.53690334067812,0.2,23.151261227726884,250.65127288441678,LOW
WQ-01158,2026-09-29 20:15:00,7.96600052789125,233.63027649992216,1.2028786555792803,29.97576704785044,370.86683413735904,LOW
WQ-01159,2026-09-29 21:45:00,7.75518996070821,831.3009971865364,21.491533828907183,40.552733844231916,1594.8128472376216,MEDIUM
WQ-01160,2026-09-29 22:00:00,6.411716417719366,747.4707176519029,37.15454751569526,22.773798308795737,1165.9410937800235,HIGH
WQ-01161,2026-09-29 22:15:00,6.327475083669188,147.15898193756303,2.471812821313463,19.591850784683793,238.65832545647018,LOW
WQ-01162,2026-09-29 22:45:00,7.28752711398635,1245.005418354043,33.2948231294792,22.21423586095925,1912.4952063523574,MEDIUM
WQ-01163,2026-09-30 00:15:00,4.5,1496.194859542389,37.9262127376136,29.38026950976867,2500.0,HIGH
WQ-01164,2026-09-30 00:30:00,8.061471753923554,110.87705287387497,1.0365797242648487,27.1352317886304,193.87108681060784,LOW
WQ-01165,2026-09-30 02:45:00,7.476263242036968,91.36810617364304,2.55733682436215,26.069385297168953,159.24743194371644,LOW
WQ-01166,2026-09-30 03:15:00,7.3996740198719895,1307.3777179579781,37.81428666150832,31.03218682068281,2224.529430785527,HIGH
WQ-01167,2026-09-30 03:30:00,5.497888861818949,1943.2508826070632,41.566602981918145,33.17361328174739,2500.0,HIGH
WQ-01168,2026-09-30 04:15:00,5.73561939502496,858.9132103430425,19.082262808469213,23.53956921685815,1365.787771892791,HIGH
WQ-01169,2026-09-30 04:15:00,6.660754384141168,1846.659830293526,94.32043160024169,28.535263369484287,2500.0,HIGH
WQ-01170,2026-09-30 04:15:00,7.384878452019737,261.6737693736792,0.2,23.92966908068471,440.0830901420564,LOW
WQ-01172,2026-09-30 07:00:00,6.963495960549573,606.1414879529948,21.96310974351608,21.193448976387018,786.7231842621941,MEDIUM
WQ-01173,2026-09-30 07:15:00,8.645346151414518,314.3770629574782,1.3407432584889434,20.074518785528195,547.9276800142254,LOW
WQ-01174,2026-09-30 07:45:00,7.234525547369058,1222.7258258360293,64.79616830682222,34.584649342102644,2084.7069573029385,HIGH
WQ-01175,2026-09-30 08:00:00,7.68712395439749,1089.8803397943998,30.132576787196392,28.226774742862084,1362.3504247429996,MEDIUM
WQ-01176,2026-09-30 09:45:00,7.243936891553356,1040.615406845277,43.9493983932521,33.66636720044366,1612.7051415994874,HIGH
WQ-01177,2026-09-30 10:15:00,8.009596607889145,938.9508564521808,19.29326244656306,17.801725050987677,1747.857090204658,MEDIUM
WQ-01178,2026-09-30 10:30:00,7.314467747194665,261.68026585438685,2.0768474823451886,18.80751659881939,390.2406719529253,LOW
WQ-01179,2026-09-30 12:15:00,6.475357411546118,216.137001508172,2.0847346809874083,26.321254040897735,382.27430754990877,LOW
WQ-01180,2026-09-30 12:30:00,7.315136240147296,266.4090673777541,2.1137896690616613,14.274656254168821,394.9470896285429,LOW
WQ-01181,2026-09-30 12:45:00,7.2117357099965025,1248.7691114268466,40.86401976663041,37.34777614559883,2056.120884408114,HIGH
WQ-01182,2026-09-30 13:00:00,6.963589822198217,171.58462222628486,2.477694246051632,17.618389997670235,289.0516873708069,LOW
WQ-01183,2026-09-30 13:30:00,7.320635322279801,374.49350445145683,3.0285332713106516,26.951707121737424,522.6342302594184,LOW
WQ-01184,2026-09-30 14:30:00,7.088703615648959,324.4057579725298,0.8467138376415655,20.88995381335063,496.04534317920724,LOW
WQ-01185,2026-09-30 15:15:00,8.075913163329409,161.52217294566407,1.0442697108435361,27.67116300310054,238.10006757614838,LOW
WQ-01186,2026-09-30 15:30:00,7.149457015406564,1566.008836125953,6.532603351362482,45.0,2423.8051648314763,MEDIUM
WQ-01187,2026-09-30 17:15:00,7.6931932792897815,163.15890307689622,3.1530371403933595,16.04387829457606,274.9869175046406,LOW
WQ-01188,2026-09-30 17:30:00,7.021601313120971,899.8198354083167,50.50711245019019,34.17226288716389,1370.2535508044948,HIGH
WQ-01189,2026-09-30 17:45:00,7.383237836351543,323.04284972590784,2.755794267526048,17.671430502421913,466.452221535417,LOW
WQ-01190,2026-09-30 18:00:00,7.048167211895628,525.0980823575708,7.705017616365316,29.13384461108752,836.0312411809585,MEDIUM
WQ-01191,2026-09-30 18:30:00,6.011111564600762,1103.908300986839,39.84948122880138,25.966139182240532,1516.1523003919283,HIGH
WQ-01192,2026-09-30 19:30:00,6.416101109562245,207.25499186842472,1.5302640010401065,24.454238128616453,308.8613460122524,LOW
WQ-01193,2026-09-30 21:00:00,6.550081130345024,1269.6122908293992,48.70052775644763,24.52988234203058,2006.5975340822392,HIGH
WQ-01194,2026-09-30 21:45:00,6.7239902562721445,1505.70546345685,63.79646253492418,34.683246656979,2370.856696591737,HIGH
WQ-01195,2026-09-30 22:15:00,7.6092645684253775,1570.8555485578158,23.28644537248642,21.309852972177715,2500.0,MEDIUM
WQ-01196,2026-09-30 22:30:00,8.107101117237066,155.62911408539827,1.5990432056360666,28.345730420145593,285.596957227878,LOW
WQ-01197,2026-09-30 23:15:00,8.106499318249526,294.5953047875057,2.3970889520609617,22.56762392686436,479.3318925036119,LOW
WQ-01198,2026-09-30 23:30:00,6.151482305029592,924.9415183655492,50.574730754647064,19.98654661298455,1460.5772917763254,HIGH
WQ-01199,2026-09-30 23:45:00,7.241480734272604,116.95506864187657,2.531237217137227,29.582278881692446,196.55161415235392,LOW
WQ-01200,2026-09-30 23:45:00,7.260250721911035,862.6276136124574,38.06361150630718,26.663286735954234,1347.3069952364076,HIGH
